CREATE DATABASE  IF NOT EXISTS `campeonadodefutebol` /*!40100 DEFAULT CHARACTER SET latin1 */;
USE `campeonadodefutebol`;
-- MySQL dump 10.13  Distrib 8.0.13, for Win64 (x86_64)
--
-- Host: localhost    Database: campeonadodefutebol
-- ------------------------------------------------------
-- Server version	5.7.23

/*!40101 SET @OLD_CHARACTER_SET_CLIENT=@@CHARACTER_SET_CLIENT */;
/*!40101 SET @OLD_CHARACTER_SET_RESULTS=@@CHARACTER_SET_RESULTS */;
/*!40101 SET @OLD_COLLATION_CONNECTION=@@COLLATION_CONNECTION */;
 SET NAMES utf8 ;
/*!40103 SET @OLD_TIME_ZONE=@@TIME_ZONE */;
/*!40103 SET TIME_ZONE='+00:00' */;
/*!40014 SET @OLD_UNIQUE_CHECKS=@@UNIQUE_CHECKS, UNIQUE_CHECKS=0 */;
/*!40014 SET @OLD_FOREIGN_KEY_CHECKS=@@FOREIGN_KEY_CHECKS, FOREIGN_KEY_CHECKS=0 */;
/*!40101 SET @OLD_SQL_MODE=@@SQL_MODE, SQL_MODE='NO_AUTO_VALUE_ON_ZERO' */;
/*!40111 SET @OLD_SQL_NOTES=@@SQL_NOTES, SQL_NOTES=0 */;

--
-- Table structure for table `artilheiro`
--

DROP TABLE IF EXISTS `artilheiro`;
/*!40101 SET @saved_cs_client     = @@character_set_client */;
 SET character_set_client = utf8mb4 ;
CREATE TABLE `artilheiro` (
  `jogador` int(11) NOT NULL,
  `qnt_Gols` int(11) NOT NULL,
  `campeonato` int(11) NOT NULL,
  KEY `fk_artilheiro_2_idx` (`campeonato`),
  KEY `fk_artilheiro_1` (`jogador`)
) ENGINE=MyISAM DEFAULT CHARSET=latin1;
/*!40101 SET character_set_client = @saved_cs_client */;

--
-- Dumping data for table `artilheiro`
--

LOCK TABLES `artilheiro` WRITE;
/*!40000 ALTER TABLE `artilheiro` DISABLE KEYS */;
INSERT INTO `artilheiro` VALUES (302,18,1);
/*!40000 ALTER TABLE `artilheiro` ENABLE KEYS */;
UNLOCK TABLES;

--
-- Table structure for table `campeonato`
--

DROP TABLE IF EXISTS `campeonato`;
/*!40101 SET @saved_cs_client     = @@character_set_client */;
 SET character_set_client = utf8mb4 ;
CREATE TABLE `campeonato` (
  `codCampeonato` int(11) NOT NULL AUTO_INCREMENT,
  `inicio` date DEFAULT NULL,
  `fim` date DEFAULT NULL,
  `timeVencedor` float DEFAULT NULL,
  `nome` char(60) DEFAULT NULL,
  PRIMARY KEY (`codCampeonato`),
  KEY `fk_campeonato_timeVencedor` (`timeVencedor`)
) ENGINE=InnoDB AUTO_INCREMENT=2 DEFAULT CHARSET=latin1;
/*!40101 SET character_set_client = @saved_cs_client */;

--
-- Dumping data for table `campeonato`
--

LOCK TABLES `campeonato` WRITE;
/*!40000 ALTER TABLE `campeonato` DISABLE KEYS */;
INSERT INTO `campeonato` VALUES (1,'2018-12-08','2018-04-27',61750300000000,'Campeonato Brasileiro de Futebol de 2018 - Série A');
/*!40000 ALTER TABLE `campeonato` ENABLE KEYS */;
UNLOCK TABLES;

--
-- Table structure for table `cartao`
--

DROP TABLE IF EXISTS `cartao`;
/*!40101 SET @saved_cs_client     = @@character_set_client */;
 SET character_set_client = utf8mb4 ;
CREATE TABLE `cartao` (
  `tempoDaPartida` date NOT NULL,
  `partida_codPartida` int(11) NOT NULL,
  `jogador_codJogador` int(11) NOT NULL,
  `cor` varchar(45) DEFAULT NULL,
  PRIMARY KEY (`partida_codPartida`,`jogador_codJogador`,`tempoDaPartida`),
  KEY `fk_cartao_jogador1_idx` (`jogador_codJogador`)
) ENGINE=MyISAM DEFAULT CHARSET=latin1;
/*!40101 SET character_set_client = @saved_cs_client */;

--
-- Dumping data for table `cartao`
--

LOCK TABLES `cartao` WRITE;
/*!40000 ALTER TABLE `cartao` DISABLE KEYS */;
/*!40000 ALTER TABLE `cartao` ENABLE KEYS */;
UNLOCK TABLES;

--
-- Table structure for table `clube`
--

DROP TABLE IF EXISTS `clube`;
/*!40101 SET @saved_cs_client     = @@character_set_client */;
 SET character_set_client = utf8mb4 ;
CREATE TABLE `clube` (
  `CNPJ` float NOT NULL,
  `estadioSede` int(11) NOT NULL,
  `nome` varchar(30) DEFAULT NULL,
  PRIMARY KEY (`CNPJ`),
  KEY `fk_clube_1_idx` (`estadioSede`),
  CONSTRAINT `fk_clube_1` FOREIGN KEY (`estadioSede`) REFERENCES `estadio` (`codEstadio`) ON DELETE NO ACTION ON UPDATE NO ACTION
) ENGINE=InnoDB DEFAULT CHARSET=latin1;
/*!40101 SET character_set_client = @saved_cs_client */;

--
-- Dumping data for table `clube`
--

LOCK TABLES `clube` WRITE;
/*!40000 ALTER TABLE `clube` DISABLE KEYS */;
INSERT INTO `clube` VALUES (105027000000,11,'Internacional'),(7369230000000,5,'Ceará'),(7525950000000,3,'Bahia'),(15217000000000,18,'Vitória'),(17218000000000,1,'Atlético Mineiro'),(17241900000000,8,'Cruzeiro'),(33014600000000,1,'America Mineiro'),(33617500000000,17,'Vasco da Gama'),(33647600000000,19,'Fluminense'),(33649600000000,9,'Flamengo'),(34029600000000,4,'Botafogo'),(58196700000000,14,'Santos'),(58986100000000,16,'Sport'),(60518000000000,15,'São Paulo'),(61750300000000,12,'Palmeiras'),(61902700000000,7,'Corinthians'),(76710600000000,2,'Atlético Paranaense'),(81907400000000,13,'Paraná'),(83018800000000,6,'Chapecoense'),(92797900000000,10,'Grêmio');
/*!40000 ALTER TABLE `clube` ENABLE KEYS */;
UNLOCK TABLES;

--
-- Table structure for table `clube_casa`
--

DROP TABLE IF EXISTS `clube_casa`;
/*!40101 SET @saved_cs_client     = @@character_set_client */;
 SET character_set_client = utf8mb4 ;
CREATE TABLE `clube_casa` (
  `clube_CNPJ` float NOT NULL,
  PRIMARY KEY (`clube_CNPJ`)
) ENGINE=InnoDB DEFAULT CHARSET=latin1;
/*!40101 SET character_set_client = @saved_cs_client */;

--
-- Dumping data for table `clube_casa`
--

LOCK TABLES `clube_casa` WRITE;
/*!40000 ALTER TABLE `clube_casa` DISABLE KEYS */;
/*!40000 ALTER TABLE `clube_casa` ENABLE KEYS */;
UNLOCK TABLES;

--
-- Table structure for table `clube_visitante`
--

DROP TABLE IF EXISTS `clube_visitante`;
/*!40101 SET @saved_cs_client     = @@character_set_client */;
 SET character_set_client = utf8mb4 ;
CREATE TABLE `clube_visitante` (
  `clube_CNPJ` float NOT NULL,
  PRIMARY KEY (`clube_CNPJ`)
) ENGINE=InnoDB DEFAULT CHARSET=latin1;
/*!40101 SET character_set_client = @saved_cs_client */;

--
-- Dumping data for table `clube_visitante`
--

LOCK TABLES `clube_visitante` WRITE;
/*!40000 ALTER TABLE `clube_visitante` DISABLE KEYS */;
/*!40000 ALTER TABLE `clube_visitante` ENABLE KEYS */;
UNLOCK TABLES;

--
-- Table structure for table `contrato`
--

DROP TABLE IF EXISTS `contrato`;
/*!40101 SET @saved_cs_client     = @@character_set_client */;
 SET character_set_client = utf8mb4 ;
CREATE TABLE `contrato` (
  `codContrato` int(11) NOT NULL AUTO_INCREMENT,
  `inicio` date DEFAULT NULL,
  `fim` date DEFAULT NULL,
  `clube_CNPJ` float NOT NULL,
  `jogador_codJogador` int(11) NOT NULL,
  PRIMARY KEY (`codContrato`,`jogador_codJogador`,`clube_CNPJ`),
  KEY `fk_contrato_clube1_idx` (`clube_CNPJ`),
  KEY `fk_contrato_jogador1_idx` (`jogador_codJogador`)
) ENGINE=MyISAM DEFAULT CHARSET=latin1;
/*!40101 SET character_set_client = @saved_cs_client */;

--
-- Dumping data for table `contrato`
--

LOCK TABLES `contrato` WRITE;
/*!40000 ALTER TABLE `contrato` DISABLE KEYS */;
INSERT INTO contrato (codContrato,jogador_codJogador,clube_CNPJ,inicio,fim) VALUES
('1','1', '7369230000000','2018-04-27','2018-12-08'),
('2', '2', '61750300000000','2018-04-27','2018-12-08'),
('3', '3', '33649600000000','2018-04-27','2018-12-08'),
('4', '4', '17241900000000','2018-04-27','2018-12-08'),
('5', '5', '83018800000000','2018-04-27','2018-12-08'),
('6', '6', '33617500000000','2018-04-27','2018-12-08'),
('7','7', '17241900000000','2018-04-27','2018-12-08'),
('8', '8', '76710600000000','2018-04-27','2018-12-08'),
('9', '9', '58986100000000','2018-04-27','2018-12-08'),
('10', '10', '92797900000000','2018-04-27','2018-12-08'),
('11', '11', '76710600000000','2018-04-27','2018-12-08'),
('12', '12', '33014600000000','2018-04-27','2018-12-08'),
('13', '13', '17218000000000','2018-04-27','2018-12-08'),
('14', '14', '61902700000000','2018-04-27','2018-12-08'),
('15', '15', '92797900000000','2018-04-27','2018-12-08'),
('16', '16', '17241900000000','2018-04-27','2018-12-08'),
('17', '17', '33617500000000','2018-04-27','2018-12-08'),
('18', '18', '33647600000000','2018-04-27','2018-12-08'),
('19','19', '105027000000','2018-04-27','2018-12-08'),
('20','20', '105027000000','2018-04-27','2018-12-08'),
('21','21', '105027000000','2018-04-27','2018-12-08'),
('22', '22', '58196700000000','2018-04-27','2018-12-08'),
('23', '23', '60518000000000','2018-04-27','2018-12-08'),
('24','24', '17241900000000','2018-04-27','2018-12-08'),
('25', '25', '61750300000000','2018-04-27','2018-12-08'),
('26', '26', '33617500000000','2018-04-27','2018-12-08'),
('27', '27', '33649600000000','2018-04-27','2018-12-08'),
('28', '28', '15217000000000','2018-04-27','2018-12-08'),
('29', '29', '15217000000000','2018-04-27','2018-12-08'),
('30', '30', '33014600000000','2018-04-27','2018-12-08'),
('31', '31', '33617500000000','2018-04-27','2018-12-08'),
('32', '32', '61750300000000','2018-04-27','2018-12-08'),
('33', '33', '15217000000000','2018-04-27','2018-12-08'),
('34', '34', '83018800000000','2018-04-27','2018-12-08'),
('35', '35', '81907400000000','2018-04-27','2018-12-08'),
('36', '36', '33617500000000','2018-04-27','2018-12-08'),
('37', '37', '61750300000000','2018-04-27','2018-12-08'),
('38', '38', '33647600000000','2018-04-27','2018-12-08'),
('39','39', '105027000000','2018-04-27','2018-12-08'),
('40', '40', '33014600000000','2018-04-27','2018-12-08'),
('41', '41', '83018800000000','2018-04-27','2018-12-08'),
('42', '42', '17218000000000','2018-04-27','2018-12-08'),
('43', '43', '60518000000000','2018-04-27','2018-12-08'),
('44', '44', '58196700000000','2018-04-27','2018-12-08'),
('45', '45', '92797900000000','2018-04-27','2018-12-08'),
('46','46', '105027000000','2018-04-27','2018-12-08'),
('47', '47', '76710600000000','2018-04-27','2018-12-08'),
('48', '48', '17241900000000','2018-04-27','2018-12-08'),
('49', '49', '61902700000000','2018-04-27','2018-12-08'),
('50', '50', '17241900000000','2018-04-27','2018-12-08'),
('51', '51', '58196700000000','2018-04-27','2018-12-08'),
('52', '52', '58196700000000','2018-04-27','2018-12-08'),
('53','53', '7369230000000','2018-04-27','2018-12-08'),
('54','54', '7369230000000','2018-04-27','2018-12-08'),
('55', '55', '92797900000000','2018-04-27','2018-12-08'),
('56', '56', '17241900000000','2018-04-27','2018-12-08'),
('57', '57', '61902700000000','2018-04-27','2018-12-08'),
('58', '58', '17218000000000','2018-04-27','2018-12-08'),
('59', '59', '60518000000000','2018-04-27','2018-12-08'),
('60', '60', '58196700000000','2018-04-27','2018-12-08'),
('61', '61', '61902700000000','2018-04-27','2018-12-08'),
('62', '62', '83018800000000','2018-04-27','2018-12-08'),
('63', '63', '76710600000000','2018-04-27','2018-12-08'),
('64', '64', '58986100000000','2018-04-27','2018-12-08'),
('65', '65', '58196700000000','2018-04-27','2018-12-08'),
('66', '66', '76710600000000','2018-04-27','2018-12-08'),
('67', '67', '92797900000000','2018-04-27','2018-12-08'),
('68','68', '105027000000','2018-04-27','2018-12-08'),
('69', '69', '33617500000000','2018-04-27','2018-12-08'),
('70', '70', '33649600000000','2018-04-27','2018-12-08'),
('71','71', '7369230000000','2018-04-27','2018-12-08'),
('72', '72', '76710600000000','2018-04-27','2018-12-08'),
('73', '73', '60518000000000','2018-04-27','2018-12-08'),
('74', '74', '58196700000000','2018-04-27','2018-12-08'),
('75','75', '7369230000000','2018-04-27','2018-12-08'),
('76', '76', '33617500000000','2018-04-27','2018-12-08'),
('77', '77', '33649600000000','2018-04-27','2018-12-08'),
('78', '78', '15217000000000','2018-04-27','2018-12-08'),
('79', '79', '81907400000000','2018-04-27','2018-12-08'),
('80', '80', '15217000000000','2018-04-27','2018-12-08'),
('81', '81', '61750300000000','2018-04-27','2018-12-08'),
('82','82', '105027000000','2018-04-27','2018-12-08'),
('83','83', '7525950000000','2018-04-27','2018-12-08'),
('84', '84', '15217000000000','2018-04-27','2018-12-08'),
('85', '85', '61902700000000','2018-04-27','2018-12-08'),
('86','86', '7369230000000','2018-04-27','2018-12-08'),
('87', '87', '61750300000000','2018-04-27','2018-12-08'),
('88', '88', '33647600000000','2018-04-27','2018-12-08'),
('89', '89', '17241900000000','2018-04-27','2018-12-08'),
('90', '90', '33617500000000','2018-04-27','2018-12-08'),
('91', '91', '33617500000000','2018-04-27','2018-12-08'),
('92','92', '7525950000000','2018-04-27','2018-12-08'),
('93','93', '92797900000000','2018-04-27','2018-12-08'),
('94', '94', '33647600000000','2018-04-27','2018-12-08'),
('95','95', '7369230000000','2018-04-27','2018-12-08'),
('96', '96', '15217000000000','2018-04-27','2018-12-08'),
('97', '97', '33649600000000','2018-04-27','2018-12-08'),
('98', '98', '92797900000000','2018-04-27','2018-12-08'),
('99', '99', '17241900000000','2018-04-27','2018-12-08'),
('100', '100', '33617500000000','2018-04-27','2018-12-08'),
('101', '101', '33617500000000','2018-04-27','2018-12-08'),
('102', '102', '76710600000000','2018-04-27','2018-12-08'),
('103', '103', '33647600000000','2018-04-27','2018-12-08'),
('104', '104', '60518000000000','2018-04-27','2018-12-08'),
('105', '105', '76710600000000','2018-04-27','2018-12-08'),
('106', '106', '92797900000000','2018-04-27','2018-12-08'),
('107', '107', '33649600000000','2018-04-27','2018-12-08'),
('108', '108', '33617500000000','2018-04-27','2018-12-08'),
('109', '109', '61750300000000','2018-04-27','2018-12-08'),
('110', '110', '17218000000000','2018-04-27','2018-12-08'),
('111', '111', '61750300000000','2018-04-27','2018-12-08'),
('112','112', '7525950000000','2018-04-27','2018-12-08'),
('113', '113', '58986100000000','2018-04-27','2018-12-08'),
('114', '114', '34029600000000','2018-04-27','2018-12-08'),
('115', '115', '92797900000000','2018-04-27','2018-12-08'),
('116', '116', '33617500000000','2018-04-27','2018-12-08'),
('117', '117', '92797900000000','2018-04-27','2018-12-08'),
('118', '118', '92797900000000','2018-04-27','2018-12-08'),
('119','119', '7525950000000','2018-04-27','2018-12-08'),
('120', '120', '34029600000000','2018-04-27','2018-12-08'),
('121', '121', '34029600000000','2018-04-27','2018-12-08'),
('122', '122', '81907400000000','2018-04-27','2018-12-08'),
('123','123', '7369230000000','2018-04-27','2018-12-08'),
('124', '124', '33617500000000','2018-04-27','2018-12-08'),
('125', '125', '83018800000000','2018-04-27','2018-12-08'),
('126', '126', '92797900000000','2018-04-27','2018-12-08'),
('127', '127', '60518000000000','2018-04-27','2018-12-08'),
('128', '128', '33014600000000','2018-04-27','2018-12-08'),
('129', '129', '81907400000000','2018-04-27','2018-12-08'),
('130', '130', '33649600000000','2018-04-27','2018-12-08'),
('131', '131', '33649600000000','2018-04-27','2018-12-08'),
('132', '132', '15217000000000','2018-04-27','2018-12-08'),
('133', '133', '34029600000000','2018-04-27','2018-12-08'),
('134', '134', '33649600000000','2018-04-27','2018-12-08'),
('135', '135', '61750300000000','2018-04-27','2018-12-08'),
('136', '136', '92797900000000','2018-04-27','2018-12-08'),
('137','137', '7369230000000','2018-04-27','2018-12-08'),
('138', '138', '34029600000000','2018-04-27','2018-12-08'),
('139', '139', '17241900000000','2018-04-27','2018-12-08'),
('140', '140', '17241900000000','2018-04-27','2018-12-08'),
('141','141', '7369230000000','2018-04-27','2018-12-08'),
('142', '142', '81907400000000','2018-04-27','2018-12-08'),
('143', '143', '92797900000000','2018-04-27','2018-12-08'),
('144', '144', '76710600000000','2018-04-27','2018-12-08'),
('145', '145', '58196700000000','2018-04-27','2018-12-08'),
('146', '146', '58196700000000','2018-04-27','2018-12-08'),
('147','147', '7369230000000','2018-04-27','2018-12-08'),
('148', '148', '92797900000000','2018-04-27','2018-12-08'),
('149', '149', '61750300000000','2018-04-27','2018-12-08'),
('150','150', '7369230000000','2018-04-27','2018-12-08'),
('151', '151', '61902700000000','2018-04-27','2018-12-08'),
('152', '152', '76710600000000','2018-04-27','2018-12-08'),
('153', '153', '92797900000000','2018-04-27','2018-12-08'),
('154', '154', '58196700000000','2018-04-27','2018-12-08'),
('155', '155', '92797900000000','2018-04-27','2018-12-08'),
('156', '156', '92797900000000','2018-04-27','2018-12-08'),
('157', '157', '61902700000000','2018-04-27','2018-12-08'),
('158', '158', '92797900000000','2018-04-27','2018-12-08'),
('159', '159', '60518000000000','2018-04-27','2018-12-08'),
('160', '160', '60518000000000','2018-04-27','2018-12-08'),
('161', '161', '60518000000000','2018-04-27','2018-12-08'),
('162', '162', '61750300000000','2018-04-27','2018-12-08'),
('163', '163', '60518000000000','2018-04-27','2018-12-08'),
('164', '164', '61750300000000','2018-04-27','2018-12-08'),
('165', '165', '17241900000000','2018-04-27','2018-12-08'),
('166', '166', '58986100000000','2018-04-27','2018-12-08'),
('167', '167', '61750300000000','2018-04-27','2018-12-08'),
('168', '168', '61750300000000','2018-04-27','2018-12-08'),
('169','169', '7525950000000','2018-04-27','2018-12-08'),
('170', '170', '58986100000000','2018-04-27','2018-12-08'),
('171', '171', '81907400000000','2018-04-27','2018-12-08'),
('172', '172', '92797900000000','2018-04-27','2018-12-08'),
('173', '173', '60518000000000','2018-04-27','2018-12-08'),
('174','174', '7369230000000','2018-04-27','2018-12-08'),
('175', '175', '83018800000000','2018-04-27','2018-12-08'),
('176', '176', '17241900000000','2018-04-27','2018-12-08'),
('177', '177', '15217000000000','2018-04-27','2018-12-08'),
('178', '178', '83018800000000','2018-04-27','2018-12-08'),
('179', '179', '60518000000000','2018-04-27','2018-12-08'),
('180', '180', '61902700000000','2018-04-27','2018-12-08'),
('181','181', '105027000000','2018-04-27','2018-12-08'),
('182','182', '105027000000','2018-04-27','2018-12-08'),
('183','183', '7369230000000','2018-04-27','2018-12-08'),
('184', '184', '83018800000000','2018-04-27','2018-12-08'),
('185', '185', '60518000000000','2018-04-27','2018-12-08'),
('186', '186', '17218000000000','2018-04-27','2018-12-08'),
('187','187', '7369230000000','2018-04-27','2018-12-08'),
('188', '188', '58196700000000','2018-04-27','2018-12-08'),
('189', '189', '58196700000000','2018-04-27','2018-12-08'),
('190', '190', '17218000000000','2018-04-27','2018-12-08'),
('191', '191', '34029600000000','2018-04-27','2018-12-08'),
('192', '192', '76710600000000','2018-04-27','2018-12-08'),
('193','193', '105027000000','2018-04-27','2018-12-08'),
('194', '194', '33647600000000','2018-04-27','2018-12-08'),
('195', '195', '33647600000000','2018-04-27','2018-12-08'),
('196','196', '7369230000000','2018-04-27','2018-12-08'),
('197', '197', '83018800000000','2018-04-27','2018-12-08'),
('198', '198', '81907400000000','2018-04-27','2018-12-08'),
('199', '199', '33014600000000','2018-04-27','2018-12-08'),
('200', '200', '83018800000000','2018-04-27','2018-12-08'),
('201', '201', '83018800000000','2018-04-27','2018-12-08'),
('202','202', '7525950000000','2018-04-27','2018-12-08'),
('203', '203', '17241900000000','2018-04-27','2018-12-08'),
('204', '204', '33617500000000','2018-04-27','2018-12-08'),
('205', '205', '92797900000000','2018-04-27','2018-12-08'),
('206', '206', '58196700000000','2018-04-27','2018-12-08'),
('207', '207', '92797900000000','2018-04-27','2018-12-08'),
('208', '208', '33649600000000','2018-04-27','2018-12-08'),
('209', '209', '15217000000000','2018-04-27','2018-12-08'),
('210', '210', '61902700000000','2018-04-27','2018-12-08'),
('211', '211', '92797900000000','2018-04-27','2018-12-08'),
('212', '212', '33649600000000','2018-04-27','2018-12-08'),
('213', '213', '33649600000000','2018-04-27','2018-12-08'),
('214', '214', '15217000000000','2018-04-27','2018-12-08'),
('215', '215', '81907400000000','2018-04-27','2018-12-08'),
('216', '216', '60518000000000','2018-04-27','2018-12-08'),
('217', '217', '76710600000000','2018-04-27','2018-12-08'),
('218', '218', '33649600000000','2018-04-27','2018-12-08'),
('219', '219', '58196700000000','2018-04-27','2018-12-08'),
('220', '220', '33649600000000','2018-04-27','2018-12-08'),
('221', '221', '33649600000000','2018-04-27','2018-12-08'),
('222', '222', '33649600000000','2018-04-27','2018-12-08'),
('223', '223', '60518000000000','2018-04-27','2018-12-08'),
('224', '224', '33647600000000','2018-04-27','2018-12-08'),
('225', '225', '33649600000000','2018-04-27','2018-12-08'),
('226', '226', '15217000000000','2018-04-27','2018-12-08'),
('227', '227', '33649600000000','2018-04-27','2018-12-08'),
('228', '228', '33647600000000','2018-04-27','2018-12-08'),
('229', '229', '61750300000000','2018-04-27','2018-12-08'),
('230', '230', '81907400000000','2018-04-27','2018-12-08'),
('231', '231', '76710600000000','2018-04-27','2018-12-08'),
('232', '232', '33647600000000','2018-04-27','2018-12-08'),
('233', '233', '76710600000000','2018-04-27','2018-12-08'),
('234', '234', '81907400000000','2018-04-27','2018-12-08'),
('235', '235', '60518000000000','2018-04-27','2018-12-08'),
('236','236', '7369230000000','2018-04-27','2018-12-08'),
('237','237', '7369230000000','2018-04-27','2018-12-08'),
('238', '238', '17218000000000','2018-04-27','2018-12-08'),
('239', '239', '17218000000000','2018-04-27','2018-12-08'),
('240', '240', '33617500000000','2018-04-27','2018-12-08'),
('241', '241', '33617500000000','2018-04-27','2018-12-08'),
('242', '242', '83018800000000','2018-04-27','2018-12-08'),
('243', '243', '33617500000000','2018-04-27','2018-12-08'),
('244','244', '7525950000000','2018-04-27','2018-12-08'),
('245', '245', '58196700000000','2018-04-27','2018-12-08'),
('246', '246', '58986100000000','2018-04-27','2018-12-08'),
('247', '247', '81907400000000','2018-04-27','2018-12-08'),
('248', '248', '33647600000000','2018-04-27','2018-12-08'),
('249','249', '105027000000','2018-04-27','2018-12-08'),
('250', '250', '58986100000000','2018-04-27','2018-12-08'),
('251', '251', '33014600000000','2018-04-27','2018-12-08'),
('252', '252', '33617500000000','2018-04-27','2018-12-08'),
('253', '253', '33014600000000','2018-04-27','2018-12-08'),
('254', '254', '15217000000000','2018-04-27','2018-12-08'),
('255', '255', '83018800000000','2018-04-27','2018-12-08'),
('256', '256', '17218000000000','2018-04-27','2018-12-08'),
('257', '257', '33617500000000','2018-04-27','2018-12-08'),
('258','258', '7369230000000','2018-04-27','2018-12-08'),
('259', '259', '92797900000000','2018-04-27','2018-12-08'),
('260', '260', '33647600000000','2018-04-27','2018-12-08'),
('261', '261', '34029600000000','2018-04-27','2018-12-08'),
('262', '262', '17218000000000','2018-04-27','2018-12-08'),
('263', '263', '58986100000000','2018-04-27','2018-12-08'),
('264', '264', '81907400000000','2018-04-27','2018-12-08'),
('265', '265', '60518000000000','2018-04-27','2018-12-08'),
('266', '266', '17218000000000','2018-04-27','2018-12-08'),
('267', '267', '33649600000000','2018-04-27','2018-12-08'),
('268', '268', '17218000000000','2018-04-27','2018-12-08'),
('269', '269', '33617500000000','2018-04-27','2018-12-08'),
('270', '270', '58196700000000','2018-04-27','2018-12-08'),
('271','271', '7525950000000','2018-04-27','2018-12-08'),
('272', '272', '81907400000000','2018-04-27','2018-12-08'),
('273', '273', '33649600000000','2018-04-27','2018-12-08'),
('274', '274', '33014600000000','2018-04-27','2018-12-08'),
('275','275', '7525950000000','2018-04-27','2018-12-08'),
('276', '276', '92797900000000','2018-04-27','2018-12-08'),
('277', '277', '83018800000000','2018-04-27','2018-12-08'),
('278', '278', '33649600000000','2018-04-27','2018-12-08'),
('279','279', '105027000000','2018-04-27','2018-12-08'),
('280', '280', '33014600000000','2018-04-27','2018-12-08'),
('281', '281', '33014600000000','2018-04-27','2018-12-08'),
('282', '282', '60518000000000','2018-04-27','2018-12-08'),
('283', '283', '61750300000000','2018-04-27','2018-12-08'),
('284', '284', '61750300000000','2018-04-27','2018-12-08'),
('285', '285', '60518000000000','2018-04-27','2018-12-08'),
('286','286', '7525950000000','2018-04-27','2018-12-08'),
('287', '287', '17241900000000','2018-04-27','2018-12-08'),
('288','288', '105027000000','2018-04-27','2018-12-08'),
('289','289', '7525950000000','2018-04-27','2018-12-08'),
('290', '290', '60518000000000','2018-04-27','2018-12-08'),
('291', '291', '76710600000000','2018-04-27','2018-12-08'),
('292','292', '7369230000000','2018-04-27','2018-12-08'),
('293', '293', '61750300000000','2018-04-27','2018-12-08'),
('294','294', '7369230000000','2018-04-27','2018-12-08'),
('295', '295', '17218000000000','2018-04-27','2018-12-08'),
('296', '296', '33649600000000','2018-04-27','2018-12-08'),
('297', '297', '60518000000000','2018-04-27','2018-12-08'),
('298', '298', '33647600000000','2018-04-27','2018-12-08'),
('299', '299', '61750300000000','2018-04-27','2018-12-08'),
('300', '300', '33014600000000','2018-04-27','2018-12-08'),
('301', '301', '83018800000000','2018-04-27','2018-12-08'),
('302', '302', '58196700000000','2018-04-27','2018-12-08'),
('303', '303', '83018800000000','2018-04-27','2018-12-08'),
('304', '304', '76710600000000','2018-04-27','2018-12-08'),
('305', '305', '61750300000000','2018-04-27','2018-12-08'),
('306', '306', '58986100000000','2018-04-27','2018-12-08'),
('307', '307', '60518000000000','2018-04-27','2018-12-08'),
('308', '308', '81907400000000','2018-04-27','2018-12-08'),
('309','309', '105027000000','2018-04-27','2018-12-08'),
('310', '310', '76710600000000','2018-04-27','2018-12-08'),
('311', '311', '81907400000000','2018-04-27','2018-12-08'),
('312', '312', '61902700000000','2018-04-27','2018-12-08'),
('313', '313', '33617500000000','2018-04-27','2018-12-08'),
('314', '314', '15217000000000','2018-04-27','2018-12-08'),
('315','315', '7525950000000','2018-04-27','2018-12-08'),
('316', '316', '33014600000000','2018-04-27','2018-12-08'),
('317', '317', '33014600000000','2018-04-27','2018-12-08'),
('318', '318', '58986100000000','2018-04-27','2018-12-08'),
('319','319', '7525950000000','2018-04-27','2018-12-08'),
('320','320', '7369230000000','2018-04-27','2018-12-08'),
('321', '321', '81907400000000','2018-04-27','2018-12-08'),
('322', '322', '60518000000000','2018-04-27','2018-12-08'),
('323', '323', '58986100000000','2018-04-27','2018-12-08'),
('324','324', '105027000000','2018-04-27','2018-12-08'),
('325', '325', '17241900000000','2018-04-27','2018-12-08'),
('326', '326', '15217000000000','2018-04-27','2018-12-08'),
('327', '327', '33617500000000','2018-04-27','2018-12-08'),
('328', '328', '33647600000000','2018-04-27','2018-12-08'),
('329', '329', '92797900000000','2018-04-27','2018-12-08'),
('330', '330', '92797900000000','2018-04-27','2018-12-08'),
('331', '331', '33014600000000','2018-04-27','2018-12-08'),
('332', '332', '81907400000000','2018-04-27','2018-12-08'),
('333', '333', '76710600000000','2018-04-27','2018-12-08'),
('334', '334', '15217000000000','2018-04-27','2018-12-08'),
('335', '335', '61902700000000','2018-04-27','2018-12-08'),
('336', '336', '15217000000000','2018-04-27','2018-12-08'),
('337', '337', '60518000000000','2018-04-27','2018-12-08'),
('338', '338', '33649600000000','2018-04-27','2018-12-08'),
('339', '339', '76710600000000','2018-04-27','2018-12-08'),
('340','340', '7525950000000','2018-04-27','2018-12-08'),
('341', '341', '34029600000000','2018-04-27','2018-12-08'),
('342', '342', '83018800000000','2018-04-27','2018-12-08'),
('343', '343', '83018800000000','2018-04-27','2018-12-08'),
('344', '344', '17241900000000','2018-04-27','2018-12-08'),
('345','345', '7525950000000','2018-04-27','2018-12-08'),
('346', '346', '81907400000000','2018-04-27','2018-12-08'),
('347', '347', '33617500000000','2018-04-27','2018-12-08'),
('348', '348', '61750300000000','2018-04-27','2018-12-08'),
('349', '349', '17218000000000','2018-04-27','2018-12-08'),
('350', '350', '92797900000000','2018-04-27','2018-12-08'),
('351', '351', '33649600000000','2018-04-27','2018-12-08'),
('352','352', '105027000000','2018-04-27','2018-12-08'),
('353', '353', '81907400000000','2018-04-27','2018-12-08'),
('354', '354', '17218000000000','2018-04-27','2018-12-08'),
('355', '355', '33014600000000','2018-04-27','2018-12-08'),
('356', '356', '61902700000000','2018-04-27','2018-12-08'),
('357', '357', '92797900000000','2018-04-27','2018-12-08'),
('358', '358', '92797900000000','2018-04-27','2018-12-08'),
('359', '359', '58986100000000','2018-04-27','2018-12-08'),
('360', '360', '58196700000000','2018-04-27','2018-12-08'),
('361', '361', '58986100000000','2018-04-27','2018-12-08'),
('362', '362', '60518000000000','2018-04-27','2018-12-08'),
('363', '363', '15217000000000','2018-04-27','2018-12-08'),
('364', '364', '33617500000000','2018-04-27','2018-12-08'),
('365', '365', '17241900000000','2018-04-27','2018-12-08'),
('366', '366', '92797900000000','2018-04-27','2018-12-08'),
('367', '367', '33647600000000','2018-04-27','2018-12-08'),
('368', '368', '33649600000000','2018-04-27','2018-12-08'),
('369', '369', '34029600000000','2018-04-27','2018-12-08'),
('370', '370', '15217000000000','2018-04-27','2018-12-08'),
('371', '371', '58986100000000','2018-04-27','2018-12-08'),
('372', '372', '15217000000000','2018-04-27','2018-12-08'),
('373', '373', '58196700000000','2018-04-27','2018-12-08'),
('374', '374', '58196700000000','2018-04-27','2018-12-08'),
('375', '375', '61902700000000','2018-04-27','2018-12-08'),
('376', '376', '33014600000000','2018-04-27','2018-12-08'),
('377', '377', '34029600000000','2018-04-27','2018-12-08'),
('378', '378', '58986100000000','2018-04-27','2018-12-08'),
('379', '379', '15217000000000','2018-04-27','2018-12-08'),
('380', '380', '92797900000000','2018-04-27','2018-12-08'),
('381', '381', '33014600000000','2018-04-27','2018-12-08'),
('382', '382', '76710600000000','2018-04-27','2018-12-08'),
('383', '383', '81907400000000','2018-04-27','2018-12-08'),
('384', '384', '33647600000000','2018-04-27','2018-12-08'),
('385', '385', '81907400000000','2018-04-27','2018-12-08'),
('386', '386', '61902700000000','2018-04-27','2018-12-08'),
('387', '387', '33617500000000','2018-04-27','2018-12-08'),
('388', '388', '60518000000000','2018-04-27','2018-12-08'),
('389', '389', '15217000000000','2018-04-27','2018-12-08'),
('390', '390', '34029600000000','2018-04-27','2018-12-08'),
('391', '391', '33617500000000','2018-04-27','2018-12-08'),
('392', '392', '81907400000000','2018-04-27','2018-12-08'),
('393', '393', '83018800000000','2018-04-27','2018-12-08'),
('394', '394', '60518000000000','2018-04-27','2018-12-08'),
('395', '395', '61902700000000','2018-04-27','2018-12-08'),
('396', '396', '34029600000000','2018-04-27','2018-12-08'),
('397', '397', '81907400000000','2018-04-27','2018-12-08'),
('398', '398', '83018800000000','2018-04-27','2018-12-08'),
('399','399', '105027000000','2018-04-27','2018-12-08'),
('400', '400', '17218000000000','2018-04-27','2018-12-08'),
('401','401', '7369230000000','2018-04-27','2018-12-08'),
('402', '402', '33014600000000','2018-04-27','2018-12-08'),
('403', '403', '34029600000000','2018-04-27','2018-12-08'),
('404','404', '7525950000000','2018-04-27','2018-12-08'),
('405', '405', '58986100000000','2018-04-27','2018-12-08'),
('406', '406', '61902700000000','2018-04-27','2018-12-08'),
('407', '407', '61902700000000','2018-04-27','2018-12-08'),
('408','408', '105027000000','2018-04-27','2018-12-08'),
('409','409', '7525950000000','2018-04-27','2018-12-08'),
('410', '410', '92797900000000','2018-04-27','2018-12-08'),
('411', '411', '76710600000000','2018-04-27','2018-12-08'),
('412', '412', '58196700000000','2018-04-27','2018-12-08'),
('413','413', '105027000000','2018-04-27','2018-12-08'),
('414', '414', '15217000000000','2018-04-27','2018-12-08'),
('415', '415', '60518000000000','2018-04-27','2018-12-08'),
('416','416', '7369230000000','2018-04-27','2018-12-08'),
('417','417', '7369230000000','2018-04-27','2018-12-08'),
('418', '418', '33649600000000','2018-04-27','2018-12-08'),
('419', '419', '83018800000000','2018-04-27','2018-12-08'),
('420', '420', '33014600000000','2018-04-27','2018-12-08'),
('421', '421', '33014600000000','2018-04-27','2018-12-08'),
('422', '422', '61750300000000','2018-04-27','2018-12-08'),
('423', '423', '34029600000000','2018-04-27','2018-12-08'),
('424', '424', '34029600000000','2018-04-27','2018-12-08'),
('425', '425', '61902700000000','2018-04-27','2018-12-08'),
('426', '426', '33649600000000','2018-04-27','2018-12-08'),
('427', '427', '61902700000000','2018-04-27','2018-12-08'),
('428', '428', '61750300000000','2018-04-27','2018-12-08'),
('429', '429', '76710600000000','2018-04-27','2018-12-08'),
('430', '430', '33014600000000','2018-04-27','2018-12-08'),
('431','431', '105027000000','2018-04-27','2018-12-08'),
('432', '432', '15217000000000','2018-04-27','2018-12-08'),
('433', '433', '15217000000000','2018-04-27','2018-12-08'),
('434', '434', '34029600000000','2018-04-27','2018-12-08'),
('435','435', '7369230000000','2018-04-27','2018-12-08'),
('436', '436', '58196700000000','2018-04-27','2018-12-08'),
('437', '437', '33014600000000','2018-04-27','2018-12-08'),
('438', '438', '33649600000000','2018-04-27','2018-12-08'),
('439', '439', '92797900000000','2018-04-27','2018-12-08'),
('440', '440', '83018800000000','2018-04-27','2018-12-08'),
('441', '441', '33647600000000','2018-04-27','2018-12-08'),
('442', '442', '33649600000000','2018-04-27','2018-12-08'),
('443', '443', '15217000000000','2018-04-27','2018-12-08'),
('444', '444', '58986100000000','2018-04-27','2018-12-08'),
('445', '445', '58986100000000','2018-04-27','2018-12-08'),
('446', '446', '34029600000000','2018-04-27','2018-12-08'),
('447', '447', '61902700000000','2018-04-27','2018-12-08'),
('448','448', '17218000000000','2018-04-27','2018-12-08'),
('449','449', '7525950000000','2018-04-27','2018-12-08'),
('450', '450', '58986100000000','2018-04-27','2018-12-08'),
('451', '451', '58986100000000','2018-04-27','2018-12-08'),
('452', '452', '83018800000000','2018-04-27','2018-12-08'),
('453', '453', '15217000000000','2018-04-27','2018-12-08'),
('454', '454', '92797900000000','2018-04-27','2018-12-08'),
('455', '455', '34029600000000','2018-04-27','2018-12-08'),
('456', '456', '60518000000000','2018-04-27','2018-12-08'),
('457', '457', '58196700000000','2018-04-27','2018-12-08'),
('458', '458', '33649600000000','2018-04-27','2018-12-08'),
('459', '459', '34029600000000','2018-04-27','2018-12-08'),
('460', '460', '92797900000000','2018-04-27','2018-12-08'),
('461', '461', '92797900000000','2018-04-27','2018-12-08'),
('462', '462', '17241900000000','2018-04-27','2018-12-08'),
('463', '463', '17218000000000','2018-04-27','2018-12-08'),
('464', '464', '17218000000000','2018-04-27','2018-12-08'),
('465', '465', '33649600000000','2018-04-27','2018-12-08'),
('466', '466', '76710600000000','2018-04-27','2018-12-08'),
('467', '467', '81907400000000','2018-04-27','2018-12-08'),
('468', '468', '92797900000000','2018-04-27','2018-12-08'),
('469', '469', '83018800000000','2018-04-27','2018-12-08'),
('470', '470', '58196700000000','2018-04-27','2018-12-08'),
('471', '471', '76710600000000','2018-04-27','2018-12-08'),
('472', '472', '15217000000000','2018-04-27','2018-12-08'),
('473', '473', '83018800000000','2018-04-27','2018-12-08'),
('474', '474', '83018800000000','2018-04-27','2018-12-08'),
('475', '475', '34029600000000','2018-04-27','2018-12-08'),
('476', '476', '33014600000000','2018-04-27','2018-12-08'),
('477', '477', '34029600000000','2018-04-27','2018-12-08'),
('478', '478', '33649600000000','2018-04-27','2018-12-08'),
('479','479', '105027000000','2018-04-27','2018-12-08'),
('480', '480', '33649600000000','2018-04-27','2018-12-08'),
('481', '481', '17241900000000','2018-04-27','2018-12-08'),
('482','482', '105027000000','2018-04-27','2018-12-08'),
('483', '483', '33014600000000','2018-04-27','2018-12-08'),
('484', '484', '81907400000000','2018-04-27','2018-12-08'),
('485','485', '7369230000000','2018-04-27','2018-12-08'),
('486', '486', '33014600000000','2018-04-27','2018-12-08'),
('487', '487', '34029600000000','2018-04-27','2018-12-08'),
('488', '488', '17218000000000','2018-04-27','2018-12-08'),
('489', '489', '17218000000000','2018-04-27','2018-12-08'),
('490', '490', '61902700000000','2018-04-27','2018-12-08'),
('491', '491', '33647600000000','2018-04-27','2018-12-08'),
('492', '492', '17241900000000','2018-04-27','2018-12-08'),
('493', '493', '61902700000000','2018-04-27','2018-12-08'),
('494', '494', '83018800000000','2018-04-27','2018-12-08'),
('495', '495', '76710600000000','2018-04-27','2018-12-08'),
('496', '496', '83018800000000','2018-04-27','2018-12-08'),
('497','497', '7525950000000','2018-04-27','2018-12-08'),
('498', '498', '61902700000000','2018-04-27','2018-12-08'),
('499', '499', '76710600000000','2018-04-27','2018-12-08'),
('500', '500', '15217000000000','2018-04-27','2018-12-08'),
('501', '501', '33014600000000','2018-04-27','2018-12-08'),
('502', '502', '81907400000000','2018-04-27','2018-12-08'),
('503', '503', '33014600000000','2018-04-27','2018-12-08'),
('504', '504', '61902700000000','2018-04-27','2018-12-08'),
('505', '505', '17241900000000','2018-04-27','2018-12-08'),
('506', '506', '33617500000000','2018-04-27','2018-12-08'),
('507', '507', '58196700000000','2018-04-27','2018-12-08'),
('508', '508', '76710600000000','2018-04-27','2018-12-08'),
('509', '509', '33014600000000','2018-04-27','2018-12-08'),
('510','510', '7369230000000','2018-04-27','2018-12-08'),
('511', '511', '33014600000000','2018-04-27','2018-12-08'),
('512', '512', '76710600000000','2018-04-27','2018-12-08'),
('513', '513', '17241900000000','2018-04-27','2018-12-08'),
('514', '514', '33649600000000','2018-04-27','2018-12-08'),
('515', '515', '17218000000000','2018-04-27','2018-12-08'),
('516', '516', '61750300000000','2018-04-27','2018-12-08'),
('517', '517', '33014600000000','2018-04-27','2018-12-08'),
('518', '518', '92797900000000','2018-04-27','2018-12-08'),
('519','519', '7369230000000','2018-04-27','2018-12-08'),
('520', '520', '58196700000000','2018-04-27','2018-12-08'),
('521','521', '7369230000000','2018-04-27','2018-12-08'),
('522', '522', '34029600000000','2018-04-27','2018-12-08'),
('523', '523', '83018800000000','2018-04-27','2018-12-08'),
('524', '524', '15217000000000','2018-04-27','2018-12-08'),
('525', '525', '92797900000000','2018-04-27','2018-12-08'),
('526', '526', '33014600000000','2018-04-27','2018-12-08'),
('527', '527', '17218000000000','2018-04-27','2018-12-08'),
('528', '528', '15217000000000','2018-04-27','2018-12-08'),
('529', '529', '58196700000000','2018-04-27','2018-12-08'),
('530', '530', '33649600000000','2018-04-27','2018-12-08'),
('531', '531', '33647600000000','2018-04-27','2018-12-08'),
('532','532', '105027000000','2018-04-27','2018-12-08'),
('533', '533', '15217000000000','2018-04-27','2018-12-08'),
('534', '534', '60518000000000','2018-04-27','2018-12-08'),
('535','535', '105027000000','2018-04-27','2018-12-08'),
('536', '536', '58986100000000','2018-04-27','2018-12-08'),
('537', '537', '33647600000000','2018-04-27','2018-12-08'),
('538', '538', '34029600000000','2018-04-27','2018-12-08'),
('539', '539', '15217000000000','2018-04-27','2018-12-08'),
('540', '540', '83018800000000','2018-04-27','2018-12-08'),
('541', '541', '34029600000000','2018-04-27','2018-12-08'),
('542', '542', '58986100000000','2018-04-27','2018-12-08'),
('543', '543', '76710600000000','2018-04-27','2018-12-08'),
('544', '544', '33617500000000','2018-04-27','2018-12-08'),
('545', '545', '61750300000000','2018-04-27','2018-12-08'),
('546', '546', '17241900000000','2018-04-27','2018-12-08'),
('547', '547', '61902700000000','2018-04-27','2018-12-08'),
('548', '548', '33647600000000','2018-04-27','2018-12-08'),
('549', '549', '92797900000000','2018-04-27','2018-12-08'),
('550', '550', '92797900000000','2018-04-27','2018-12-08'),
('551', '551', '92797900000000','2018-04-27','2018-12-08'),
('552', '552', '83018800000000','2018-04-27','2018-12-08'),
('553', '553', '61902700000000','2018-04-27','2018-12-08'),
('554','554', '7525950000000','2018-04-27','2018-12-08'),
('555', '555', '33649600000000','2018-04-27','2018-12-08'),
('556', '556', '58196700000000','2018-04-27','2018-12-08'),
('557', '557', '60518000000000','2018-04-27','2018-12-08'),
('558', '558', '60518000000000','2018-04-27','2018-12-08'),
('559', '559', '33649600000000','2018-04-27','2018-12-08'),
('560', '560', '58986100000000','2018-04-27','2018-12-08'),
('561', '561', '33647600000000','2018-04-27','2018-12-08'),
('562', '562', '61902700000000','2018-04-27','2018-12-08'),
('563','563', '7525950000000','2018-04-27','2018-12-08'),
('564', '564', '33617500000000','2018-04-27','2018-12-08'),
('565', '565', '33649600000000','2018-04-27','2018-12-08'),
('566', '566', '76710600000000','2018-04-27','2018-12-08'),
('567', '567', '60518000000000','2018-04-27','2018-12-08'),
('568', '568', '83018800000000','2018-04-27','2018-12-08'),
('569', '569', '60518000000000','2018-04-27','2018-12-08'),
('570', '570', '33014600000000','2018-04-27','2018-12-08'),
('571', '571', '15217000000000','2018-04-27','2018-12-08'),
('572', '572', '17218000000000','2018-04-27','2018-12-08'),
('573', '573', '58196700000000','2018-04-27','2018-12-08'),
('574','574', '7525950000000','2018-04-27','2018-12-08'),
('575', '575', '81907400000000','2018-04-27','2018-12-08'),
('576', '576', '92797900000000','2018-04-27','2018-12-08'),
('577', '577', '33014600000000','2018-04-27','2018-12-08'),
('578', '578', '61750300000000','2018-04-27','2018-12-08'),
('579','579', '7525950000000','2018-04-27','2018-12-08'),
('580', '580', '92797900000000','2018-04-27','2018-12-08'),
('581','581', '7525950000000','2018-04-27','2018-12-08'),
('582', '582', '33617500000000','2018-04-27','2018-12-08'),
('583','583', '7525950000000','2018-04-27','2018-12-08'),
('584', '584', '33649600000000','2018-04-27','2018-12-08'),
('585', '585', '76710600000000','2018-04-27','2018-12-08'),
('586', '586', '76710600000000','2018-04-27','2018-12-08'),
('587', '587', '61750300000000','2018-04-27','2018-12-08'),
('588', '588', '81907400000000','2018-04-27','2018-12-08'),
('589', '589', '61902700000000','2018-04-27','2018-12-08'),
('590', '590', '76710600000000','2018-04-27','2018-12-08'),
('591', '591', '58196700000000','2018-04-27','2018-12-08'),
('592', '592', '15217000000000','2018-04-27','2018-12-08'),
('593', '593', '17241900000000','2018-04-27','2018-12-08'),
('594','594', '105027000000','2018-04-27','2018-12-08'),
('595', '595', '17218000000000','2018-04-27','2018-12-08'),
('596', '596', '17241900000000','2018-04-27','2018-12-08'),
('597', '597', '58986100000000','2018-04-27','2018-12-08'),
('598', '598', '34029600000000','2018-04-27','2018-12-08'),
('599', '599', '61902700000000','2018-04-27','2018-12-08'),
('600', '600', '58196700000000','2018-04-27','2018-12-08'),
('601', '601', '34029600000000','2018-04-27','2018-12-08'),
('602', '602', '17241900000000','2018-04-27','2018-12-08'),
('603', '603', '33649600000000','2018-04-27','2018-12-08'),
('604', '604', '60518000000000','2018-04-27','2018-12-08'),
('605', '605', '33647600000000','2018-04-27','2018-12-08'),
('606', '606', '17218000000000','2018-04-27','2018-12-08'),
('607', '607', '92797900000000','2018-04-27','2018-12-08'),
('608', '608', '34029600000000','2018-04-27','2018-12-08'),
('609','609', '7525950000000','2018-04-27','2018-12-08'),
('610', '610', '76710600000000','2018-04-27','2018-12-08'),
('611', '611', '33617500000000','2018-04-27','2018-12-08'),
('612', '612', '33014600000000','2018-04-27','2018-12-08'),
('613', '613', '33649600000000','2018-04-27','2018-12-08'),
('614', '614', '33649600000000','2018-04-27','2018-12-08'),
('615', '615', '33617500000000','2018-04-27','2018-12-08'),
('616', '616', '81907400000000','2018-04-27','2018-12-08'),
('617', '617', '76710600000000','2018-04-27','2018-12-08'),
('618', '618', '58986100000000','2018-04-27','2018-12-08'),
('619', '619', '34029600000000','2018-04-27','2018-12-08'),
('620', '620', '33617500000000','2018-04-27','2018-12-08'),
('621', '621', '33649600000000','2018-04-27','2018-12-08'),
('622', '622', '81907400000000','2018-04-27','2018-12-08'),
('623', '623', '61902700000000','2018-04-27','2018-12-08'),
('624', '624', '61750300000000','2018-04-27','2018-12-08'),
('625', '625', '33617500000000','2018-04-27','2018-12-08'),
('626', '626', '34029600000000','2018-04-27','2018-12-08'),
('627', '627', '58986100000000','2018-04-27','2018-12-08'),
('628', '628', '61902700000000','2018-04-27','2018-12-08'),
('629', '629', '33617500000000','2018-04-27','2018-12-08'),
('630', '630', '60518000000000','2018-04-27','2018-12-08'),
('631', '631', '76710600000000','2018-04-27','2018-12-08'),
('632', '632', '83018800000000','2018-04-27','2018-12-08'),
('633', '633', '33647600000000','2018-04-27','2018-12-08'),
('634', '634', '61750300000000','2018-04-27','2018-12-08'),
('635', '635', '58196700000000','2018-04-27','2018-12-08'),
('636','636', '7369230000000','2018-04-27','2018-12-08'),
('637','637', '7525950000000','2018-04-27','2018-12-08'),
('638', '638', '58986100000000','2018-04-27','2018-12-08'),
('639', '639', '76710600000000','2018-04-27','2018-12-08'),
('640','640', '7525950000000','2018-04-27','2018-12-08'),
('641', '641', '76710600000000','2018-04-27','2018-12-08'),
('642','642', '7369230000000','2018-04-27','2018-12-08'),
('643', '643', '76710600000000','2018-04-27','2018-12-08'),
('644','644', '105027000000','2018-04-27','2018-12-08'),
('645', '645', '33647600000000','2018-04-27','2018-12-08'),
('646', '646', '92797900000000','2018-04-27','2018-12-08'),
('647', '647', '76710600000000','2018-04-27','2018-12-08'),
('648', '648', '76710600000000','2018-04-27','2018-12-08'),
('649', '649', '58986100000000','2018-04-27','2018-12-08'),
('650','650', '7525950000000','2018-04-27','2018-12-08'),
('651', '651', '17218000000000','2018-04-27','2018-12-08'),
('652','652', '105027000000','2018-04-27','2018-12-08'),
('653', '653', '81907400000000','2018-04-27','2018-12-08'),
('654', '654', '61902700000000','2018-04-27','2018-12-08'),
('655', '655', '17218000000000','2018-04-27','2018-12-08'),
('656', '656', '76710600000000','2018-04-27','2018-12-08'),
('657', '657', '60518000000000','2018-04-27','2018-12-08'),
('658', '658', '81907400000000','2018-04-27','2018-12-08'),
('659', '659', '33647600000000','2018-04-27','2018-12-08'),
('660', '660', '58986100000000','2018-04-27','2018-12-08'),
('661', '661', '61902700000000','2018-04-27','2018-12-08'),
('662', '662', '33014600000000','2018-04-27','2018-12-08'),
('663', '663', '76710600000000','2018-04-27','2018-12-08'),
('664', '664', '58196700000000','2018-04-27','2018-12-08'),
('665', '665', '34029600000000','2018-04-27','2018-12-08'),
('666', '666', '61750300000000','2018-04-27','2018-12-08'),
('667','667', '105027000000','2018-04-27','2018-12-08'),
('668', '668', '61902700000000','2018-04-27','2018-12-08'),
('669', '669', '76710600000000','2018-04-27','2018-12-08'),
('670', '670', '61750300000000','2018-04-27','2018-12-08'),
('671', '671', '34029600000000','2018-04-27','2018-12-08'),
('672', '672', '33647600000000','2018-04-27','2018-12-08'),
('673', '673', '33647600000000','2018-04-27','2018-12-08'),
('674', '674', '33647600000000','2018-04-27','2018-12-08'),
('675','675', '7369230000000','2018-04-27','2018-12-08'),
('676','676', '7525950000000','2018-04-27','2018-12-08'),
('677', '677', '83018800000000','2018-04-27','2018-12-08'),
('678', '678', '17218000000000','2018-04-27','2018-12-08'),
('679', '679', '17241900000000','2018-04-27','2018-12-08'),
('680', '680', '33647600000000','2018-04-27','2018-12-08'),
('681', '681', '33014600000000','2018-04-27','2018-12-08'),
('682', '682', '76710600000000','2018-04-27','2018-12-08'),
('683', '683', '17218000000000','2018-04-27','2018-12-08'),
('684', '684', '17241900000000','2018-04-27','2018-12-08'),
('685', '685', '76710600000000','2018-04-27','2018-12-08'),
('686', '686', '33649600000000','2018-04-27','2018-12-08'),
('687', '687', '33014600000000','2018-04-27','2018-12-08'),
('688', '688', '83018800000000','2018-04-27','2018-12-08'),
('689', '689', '17218000000000','2018-04-27','2018-12-08'),
('690', '690', '60518000000000','2018-04-27','2018-12-08'),
('691','691', '7525950000000','2018-04-27','2018-12-08'),
('692','692', '7369230000000','2018-04-27','2018-12-08'),
('693', '693', '83018800000000','2018-04-27','2018-12-08'),
('694', '694', '15217000000000','2018-04-27','2018-12-08'),
('695', '695', '81907400000000','2018-04-27','2018-12-08'),
('696', '696', '58986100000000','2018-04-27','2018-12-08'),
('697', '697', '58986100000000','2018-04-27','2018-12-08'),
('698', '698', '17241900000000','2018-04-27','2018-12-08'),
('699', '699', '83018800000000','2018-04-27','2018-12-08'),
('700', '700', '33647600000000','2018-04-27','2018-12-08'),
('701', '701', '61902700000000','2018-04-27','2018-12-08'),
('702', '702', '17241900000000','2018-04-27','2018-12-08'),
('703','703', '105027000000','2018-04-27','2018-12-08'),
('704', '704', '76710600000000','2018-04-27','2018-12-08'),
('705', '705', '17241900000000','2018-04-27','2018-12-08'),
('706', '706', '33014600000000','2018-04-27','2018-12-08'),
('707', '707', '15217000000000','2018-04-27','2018-12-08'),
('708','708', '7525950000000','2018-04-27','2018-12-08'),
('709', '709', '61750300000000','2018-04-27','2018-12-08'),
('710','710', '7525950000000','2018-04-27','2018-12-08'),
('711', '711', '33014600000000','2018-04-27','2018-12-08'),
('712', '712', '61750300000000','2018-04-27','2018-12-08'),
('713', '713', '33617500000000','2018-04-27','2018-12-08'),
('714', '714', '34029600000000','2018-04-27','2018-12-08'),
('715', '715', '33647600000000','2018-04-27','2018-12-08'),
('716','716', '7369230000000','2018-04-27','2018-12-08'),
('717', '717', '17241900000000','2018-04-27','2018-12-08'),
('718', '718', '61750300000000','2018-04-27','2018-12-08'),
('719', '719', '92797900000000','2018-04-27','2018-12-08'),
('720', '720', '15217000000000','2018-04-27','2018-12-08'),
('721', '721', '34029600000000','2018-04-27','2018-12-08'),
('722','722', '7369230000000','2018-04-27','2018-12-08'),
('723', '723', '61750300000000','2018-04-27','2018-12-08'),
('724', '724', '58986100000000','2018-04-27','2018-12-08'),
('725', '725', '33617500000000','2018-04-27','2018-12-08'),
('726', '726', '33649600000000','2018-04-27','2018-12-08'),
('727', '727', '15217000000000','2018-04-27','2018-12-08'),
('728', '728', '33617500000000','2018-04-27','2018-12-08'),
('729', '729', '83018800000000','2018-04-27','2018-12-08'),
('730', '730', '58986100000000','2018-04-27','2018-12-08'),
('731', '731', '33617500000000','2018-04-27','2018-12-08'),
('732','732', '7525950000000','2018-04-27','2018-12-08'),
('733', '733', '15217000000000','2018-04-27','2018-12-08'),
('734', '734', '17218000000000','2018-04-27','2018-12-08'),
('735', '735', '92797900000000','2018-04-27','2018-12-08'),
('736', '736', '33617500000000','2018-04-27','2018-12-08'),
('737', '737', '17241900000000','2018-04-27','2018-12-08'),
('738', '738', '34029600000000','2018-04-27','2018-12-08'),
('739', '739', '76710600000000','2018-04-27','2018-12-08'),
('740','740', '7525950000000','2018-04-27','2018-12-08'),
('741', '741', '33647600000000','2018-04-27','2018-12-08'),
('742', '742', '33647600000000','2018-04-27','2018-12-08'),
('743', '743', '58986100000000','2018-04-27','2018-12-08'),
('744', '744', '33617500000000','2018-04-27','2018-12-08'),
('745', '745', '15217000000000','2018-04-27','2018-12-08'),
('746', '746', '17218000000000','2018-04-27','2018-12-08'),
('747', '747', '92797900000000','2018-04-27','2018-12-08'),
('748','748', '105027000000','2018-04-27','2018-12-08'),
('749','749', '105027000000','2018-04-27','2018-12-08'),
('750', '750', '34029600000000','2018-04-27','2018-12-08'),
('751', '751', '92797900000000','2018-04-27','2018-12-08'),
('752', '752', '61902700000000','2018-04-27','2018-12-08'),
('753', '753', '60518000000000','2018-04-27','2018-12-08'),
('754', '754', '61750300000000','2018-04-27','2018-12-08'),
('755', '755', '34029600000000','2018-04-27','2018-12-08'),
('756', '756', '17241900000000','2018-04-27','2018-12-08'),
('757','757', '105027000000','2018-04-27','2018-12-08'),
('758', '758', '83018800000000','2018-04-27','2018-12-08'),
('759', '759', '58986100000000','2018-04-27','2018-12-08'),
('760','760', '105027000000','2018-04-27','2018-12-08'),
('761', '761', '17218000000000','2018-04-27','2018-12-08'),
('762', '762', '58986100000000','2018-04-27','2018-12-08'),
('763','763', '7525950000000','2018-04-27','2018-12-08'),
('764', '764', '33617500000000','2018-04-27','2018-12-08'),
('765','765', '7369230000000','2018-04-27','2018-12-08'),
('766', '766', '58986100000000','2018-04-27','2018-12-08'),
('767', '767', '17218000000000','2018-04-27','2018-12-08'),
('768','768', '105027000000','2018-04-27','2018-12-08'),
('769', '769', '17218000000000','2018-04-27','2018-12-08'),
('770', '770', '17218000000000','2018-04-27','2018-12-08'),
('771', '771', '83018800000000','2018-04-27','2018-12-08'),
('772', '772', '61750300000000','2018-04-27','2018-12-08'),
('773','773', '7369230000000','2018-04-27','2018-12-08'),
('774', '774', '83018800000000','2018-04-27','2018-12-08'),
('775', '775', '33617500000000','2018-04-27','2018-12-08'),
('776', '776', '34029600000000','2018-04-27','2018-12-08'),
('777', '777', '61750300000000','2018-04-27','2018-12-08'),
('778', '778', '61902700000000','2018-04-27','2018-12-08'),
('779','779', '7525950000000','2018-04-27','2018-12-08'),
('780', '780', '33647600000000','2018-04-27','2018-12-08'),
('781', '781', '33014600000000','2018-04-27','2018-12-08'),
('782', '782', '33617500000000','2018-04-27','2018-12-08'),
('783', '783', '92797900000000','2018-04-27','2018-12-08'),
('784', '784', '76710600000000','2018-04-27','2018-12-08'),
('785', '785', '60518000000000','2018-04-27','2018-12-08'),
('786', '786', '58196700000000','2018-04-27','2018-12-08'),
('787', '787', '61902700000000','2018-04-27','2018-12-08'),
('788', '788', '60518000000000','2018-04-27','2018-12-08'),
('789', '789', '17241900000000','2018-04-27','2018-12-08'),
('790', '790', '33649600000000','2018-04-27','2018-12-08'),
('791','791', '7369230000000','2018-04-27','2018-12-08'),
('792', '792', '17218000000000','2018-04-27','2018-12-08'),
('793', '793', '33647600000000','2018-04-27','2018-12-08'),
('794', '794', '76710600000000','2018-04-27','2018-12-08'),
('795','795', '7369230000000','2018-04-27','2018-12-08'),
('796', '796', '83018800000000','2018-04-27','2018-12-08'),
('797', '797', '61750300000000','2018-04-27','2018-12-08'),
('798', '798', '15217000000000','2018-04-27','2018-12-08'),
('799', '799', '81907400000000','2018-04-27','2018-12-08'),
('800', '800', '92797900000000','2018-04-27','2018-12-08'),
('801', '801', '76710600000000','2018-04-27','2018-12-08'),
('802', '802', '33649600000000','2018-04-27','2018-12-08'),
('803', '803', '17218000000000','2018-04-27','2018-12-08'),
('804','804', '105027000000','2018-04-27','2018-12-08'),
('805', '805', '61750300000000','2018-04-27','2018-12-08'),
('806', '806', '15217000000000','2018-04-27','2018-12-08'),
('807', '807', '15217000000000','2018-04-27','2018-12-08'),
('808', '808', '61902700000000','2018-04-27','2018-12-08'),
('809', '809', '15217000000000','2018-04-27','2018-12-08'),
('810', '810', '76710600000000','2018-04-27','2018-12-08'),
('811', '811', '15217000000000','2018-04-27','2018-12-08'),
('812', '812', '60518000000000','2018-04-27','2018-12-08'),
('813','813', '7369230000000','2018-04-27','2018-12-08'),
('814', '814', '33617500000000','2018-04-27','2018-12-08'),
('815', '815', '76710600000000','2018-04-27','2018-12-08'),
('816', '816', '33014600000000','2018-04-27','2018-12-08'),
('817', '817', '33647600000000','2018-04-27','2018-12-08'),
('818','818', '105027000000','2018-04-27','2018-12-08'),
('819', '819', '15217000000000','2018-04-27','2018-12-08'),
('820','820', '7369230000000','2018-04-27','2018-12-08'),
('821','821', '105027000000','2018-04-27','2018-12-08'),
('822', '822', '58196700000000','2018-04-27','2018-12-08'),
('823', '823', '17218000000000','2018-04-27','2018-12-08'),
('824', '824', '33647600000000','2018-04-27','2018-12-08'),
('825', '825', '34029600000000','2018-04-27','2018-12-08'),
('826', '826', '33014600000000','2018-04-27','2018-12-08'),
('827', '827', '76710600000000','2018-04-27','2018-12-08'),
('828', '828', '15217000000000','2018-04-27','2018-12-08'),
('829', '829', '17218000000000','2018-04-27','2018-12-08'),
('830', '830', '61750300000000','2018-04-27','2018-12-08'),
('831', '831', '33647600000000','2018-04-27','2018-12-08'),
('832', '832', '58196700000000','2018-04-27','2018-12-08'),
('833', '833', '61750300000000','2018-04-27','2018-12-08'),
('834', '834', '58196700000000','2018-04-27','2018-12-08'),
('835', '835', '15217000000000','2018-04-27','2018-12-08'),
('836', '836', '61902700000000','2018-04-27','2018-12-08'),
('837', '837', '34029600000000','2018-04-27','2018-12-08'),
('838', '838', '61902700000000','2018-04-27','2018-12-08'),
('839', '839', '58986100000000','2018-04-27','2018-12-08'),
('840', '840', '60518000000000','2018-04-27','2018-12-08'),
('841', '841', '92797900000000','2018-04-27','2018-12-08'),
('842', '842', '81907400000000','2018-04-27','2018-12-08'),
('843', '843', '33649600000000','2018-04-27','2018-12-08'),
('844', '844', '33649600000000','2018-04-27','2018-12-08'),
('845', '845', '33617500000000','2018-04-27','2018-12-08'),
('846', '846', '83018800000000','2018-04-27','2018-12-08'),
('847', '847', '33014600000000','2018-04-27','2018-12-08'),
('848', '848', '61750300000000','2018-04-27','2018-12-08'),
('849', '849', '33617500000000','2018-04-27','2018-12-08'),
('850', '850', '33014600000000','2018-04-27','2018-12-08'),
('851', '851', '33647600000000','2018-04-27','2018-12-08'),
('852', '852', '92797900000000','2018-04-27','2018-12-08'),
('853','853', '7525950000000','2018-04-27','2018-12-08'),
('854', '854', '76710600000000','2018-04-27','2018-12-08'),
('855', '855', '83018800000000','2018-04-27','2018-12-08'),
('856', '856', '83018800000000','2018-04-27','2018-12-08'),
('857', '857', '34029600000000','2018-04-27','2018-12-08'),
('858', '858', '61750300000000','2018-04-27','2018-12-08'),
('859','859', '7525950000000','2018-04-27','2018-12-08'),
('860','860', '7525950000000','2018-04-27','2018-12-08'),
('861', '861', '33014600000000','2018-04-27','2018-12-08'),
('862', '862', '92797900000000','2018-04-27','2018-12-08'),
('863', '863', '58986100000000','2018-04-27','2018-12-08'),
('864', '864', '17241900000000','2018-04-27','2018-12-08'),
('865', '865', '15217000000000','2018-04-27','2018-12-08'),
('866', '866', '58986100000000','2018-04-27','2018-12-08'),
('867', '867', '92797900000000','2018-04-27','2018-12-08'),
('868', '868', '33617500000000','2018-04-27','2018-12-08'),
('869', '869', '17218000000000','2018-04-27','2018-12-08'),
('870', '870', '76710600000000','2018-04-27','2018-12-08'),
('871', '871', '17241900000000','2018-04-27','2018-12-08'),
('872', '872', '33014600000000','2018-04-27','2018-12-08'),
('873', '873', '17218000000000','2018-04-27','2018-12-08'),
('874', '874', '17218000000000','2018-04-27','2018-12-08'),
('875', '875', '76710600000000','2018-04-27','2018-12-08'),
('876', '876', '76710600000000','2018-04-27','2018-12-08'),
('877','877', '7525950000000','2018-04-27','2018-12-08'),
('878', '878', '58986100000000','2018-04-27','2018-12-08'),
('879', '879', '58986100000000','2018-04-27','2018-12-08'),
('880', '880', '58986100000000','2018-04-27','2018-12-08'),
('881', '881', '61902700000000','2018-04-27','2018-12-08'),
('882', '882', '61902700000000','2018-04-27','2018-12-08'),
('883', '883', '33617500000000','2018-04-27','2018-12-08'),
('884', '884', '15217000000000','2018-04-27','2018-12-08'),
('885', '885', '33649600000000','2018-04-27','2018-12-08'),
('886','886', '7369230000000','2018-04-27','2018-12-08'),
('887', '887', '33649600000000','2018-04-27','2018-12-08'),
('888', '888', '92797900000000','2018-04-27','2018-12-08'),
('889', '889', '33647600000000','2018-04-27','2018-12-08'),
('890', '890', '33647600000000','2018-04-27','2018-12-08'),
('891','891', '105027000000','2018-04-27','2018-12-08'),
('892','892', '105027000000','2018-04-27','2018-12-08'),
('893', '893', '81907400000000','2018-04-27','2018-12-08'),
('894', '894', '81907400000000','2018-04-27','2018-12-08'),
('895', '895', '81907400000000','2018-04-27','2018-12-08'),
('896', '896', '81907400000000','2018-04-27','2018-12-08'),
('897','897', '7369230000000','2018-04-27','2018-12-08'),
('898', '898', '61750300000000','2018-04-27','2018-12-08'),
('899','899', '7369230000000','2018-04-27','2018-12-08'),
('900','900', '7369230000000','2018-04-27','2018-12-08'),
('901','901', '7369230000000','2018-04-27','2018-12-08'),
('902', '902', '58196700000000','2018-04-27','2018-12-08'),
('903','903', '7369230000000','2018-04-27','2018-12-08'),
('904','904', '7369230000000','2018-04-27','2018-12-08'),
('905', '905', '81907400000000','2018-04-27','2018-12-08'),
('906', '906', '15217000000000','2018-04-27','2018-12-08'),
('907', '907', '15217000000000','2018-04-27','2018-12-08'),
('908', '908', '58986100000000','2018-04-27','2018-12-08'),
('909','909', '83018800000000','2018-04-27','2018-12-08'),
('910','910', '7369230000000','2018-04-27','2018-12-08'),
('911', '911', '15217000000000','2018-04-27','2018-12-08'),
('912', '912', '58986100000000','2018-04-27','2018-12-08'),
('913', '913', '58986100000000','2018-04-27','2018-12-08'),
('914', '914', '33617500000000','2018-04-27','2018-12-08'),
('915','915', '7369230000000','2018-04-27','2018-12-08'),
('916', '916', '76710600000000','2018-04-27','2018-12-08'),
('917', '917', '76710600000000','2018-04-27','2018-12-08'),
('918', '918', '15217000000000','2018-04-27','2018-12-08');
/*!40000 ALTER TABLE `contrato` ENABLE KEYS */;
UNLOCK TABLES;

--
-- Table structure for table `estadio`
--

DROP TABLE IF EXISTS `estadio`;
/*!40101 SET @saved_cs_client     = @@character_set_client */;
 SET character_set_client = utf8mb4 ;
CREATE TABLE `estadio` (
  `codEstadio` int(11) NOT NULL AUTO_INCREMENT,
  `cidade` varchar(30) DEFAULT NULL,
  `capacidadeMax` varchar(30) DEFAULT NULL,
  `nome` varchar(30) DEFAULT NULL,
  PRIMARY KEY (`codEstadio`)
) ENGINE=MyISAM AUTO_INCREMENT=20 DEFAULT CHARSET=latin1;
/*!40101 SET character_set_client = @saved_cs_client */;

--
-- Dumping data for table `estadio`
--

LOCK TABLES `estadio` WRITE;
/*!40000 ALTER TABLE `estadio` DISABLE KEYS */;
INSERT INTO `estadio` VALUES (1,'Belo Horizonte','23018','Independencia'),(2,'Curitiba','42370','Arena da Baixada'),(3,'Salvador','50025','Arena Fonte Nova'),(4,'Rio de Janeiro','44661','Nilton Santos'),(5,'Fortaleza','63903','Arena da Baixada'),(6,'Chapeco','20089','Arena Condá'),(7,'Sao Paulo','47605','Arena Corinthians'),(8,'Belo Horizonte','61846','Mineirao'),(9,'Rio de Janeiro','78838','Maracanã'),(10,'Porto Alegre','55662','Arena do Grêmio'),(11,'Porto Alegre','50128','Beira-Rio'),(12,'São Paulo','43713','Allianz Parque'),(13,'Curitiba','20083','Vila Capanema'),(14,'Santos','16068','Vila Belmiro'),(15,'São Paulo','72039','Morumbi'),(16,'Recife','32983','Ilha do Retiro'),(17,'Rio de Janeiro','21680','São Januário'),(18,'Bahia','30618','Barradão'),(19,'Rio de Janeiro','8000','Estádio das Laranjeiras');
/*!40000 ALTER TABLE `estadio` ENABLE KEYS */;
UNLOCK TABLES;

--
-- Table structure for table `gol`
--

DROP TABLE IF EXISTS `gol`;
/*!40101 SET @saved_cs_client     = @@character_set_client */;
 SET character_set_client = utf8mb4 ;
CREATE TABLE `gol` (
  `partida_codPartida` int(11) NOT NULL,
  `clube_codClube` float NOT NULL,
  `quantidade_gols` int(11) NOT NULL,
  PRIMARY KEY (`partida_codPartida`,`clube_codClube`),
  KEY `fk_clube_gol` (`clube_codClube`)
) ENGINE=MyISAM DEFAULT CHARSET=latin1;
/*!40101 SET character_set_client = @saved_cs_client */;

--
-- Dumping data for table `gol`
--

LOCK TABLES `gol` WRITE;
/*!40000 ALTER TABLE `gol` DISABLE KEYS */;
INSERT INTO `gol` VALUES (0,17241900000000,0),(0,92797900000000,1),(1,76710600000000,5),(1,83018800000000,1),(2,33014600000000,3),(2,58986100000000,0),(3,15217000000000,2),(3,33649600000000,2),(4,33617500000000,2),(4,17218000000000,1),(5,34029600000000,1),(5,61750300000000,1),(6,60518000000000,1),(6,81907400000000,0),(7,58196700000000,2),(7,7369230000000,0),(8,61902700000000,2),(8,33647600000000,1),(9,105027000000,2),(9,7525950000000,0),(10,17218000000000,2),(10,15217000000000,1),(11,81907400000000,0),(11,61902700000000,4),(12,83018800000000,1),(12,33617500000000,1),(13,7525950000000,1),(13,58196700000000,0),(14,33647600000000,1),(14,17241900000000,0),(15,33649600000000,2),(15,33014600000000,0),(16,7369230000000,0),(16,60518000000000,0),(17,58986100000000,1),(17,34029600000000,1),(18,61750300000000,1),(18,105027000000,0),(19,92797900000000,0),(19,76710600000000,0),(20,17218000000000,1),(20,61902700000000,0),(21,81907400000000,1),(21,58986100000000,2),(22,33014600000000,2),(22,15217000000000,1),(23,7525950000000,0),(23,76710600000000,0),(24,33647600000000,1),(24,60518000000000,1),(25,34029600000000,2),(25,92797900000000,1),(26,7369230000000,0),(26,33649600000000,3),(27,58196700000000,1),(27,33617500000000,1),(28,61750300000000,0),(28,83018800000000,0),(29,105027000000,0),(29,17241900000000,0),(30,17241900000000,1),(30,34029600000000,0),(31,76710600000000,1),(31,61750300000000,3),(32,83018800000000,1),(32,81907400000000,1),(33,15217000000000,1),(33,33647600000000,2),(34,33617500000000,4),(34,33014600000000,1),(35,33649600000000,2),(35,105027000000,0),(36,60518000000000,2),(36,17218000000000,2),(37,58986100000000,2),(37,7525950000000,0),(38,61902700000000,1),(38,7369230000000,1),(39,92797900000000,5),(39,58196700000000,1),(40,17241900000000,2),(40,58986100000000,0),(41,76710600000000,1),(41,17218000000000,2),(42,83018800000000,3),(42,33649600000000,2),(43,7525950000000,2),(43,60518000000000,2),(44,33617500000000,2),(44,15217000000000,3),(45,34029600000000,2),(45,33647600000000,1),(46,7369230000000,2),(46,33014600000000,2),(47,58196700000000,3),(47,81907400000000,1),(48,61902700000000,1),(48,61750300000000,0),(49,92797900000000,0),(49,105027000000,0),(50,17218000000000,1),(50,17241900000000,0),(51,81907400000000,0),(51,92797900000000,0),(52,33014600000000,1),(52,34029600000000,0),(53,15217000000000,2),(53,7369230000000,1),(54,33647600000000,2),(54,76710600000000,0),(55,33649600000000,1),(55,33617500000000,1),(56,60518000000000,1),(56,58196700000000,0),(57,58986100000000,1),(57,61902700000000,1),(58,61750300000000,3),(58,7525950000000,0),(59,105027000000,3),(59,83018800000000,0),(60,17218000000000,0),(60,33649600000000,1),(61,81907400000000,0),(61,76710600000000,0),(62,33014600000000,1),(62,60518000000000,3),(63,7525950000000,3),(63,33617500000000,0),(64,33647600000000,3),(64,83018800000000,1),(65,34029600000000,1),(65,15217000000000,1),(66,7369230000000,0),(66,92797900000000,1),(67,58196700000000,0),(67,17241900000000,1),(68,61750300000000,2),(68,58986100000000,3),(69,105027000000,2),(69,61902700000000,1),(70,17241900000000,1),(70,61750300000000,0),(71,76710600000000,2),(71,58196700000000,0),(72,83018800000000,2),(72,7369230000000,0),(73,15217000000000,2),(73,105027000000,3),(74,33617500000000,1),(74,81907400000000,0),(75,33649600000000,2),(75,7525950000000,0),(76,60518000000000,3),(76,34029600000000,2),(77,58986100000000,3),(77,17218000000000,2),(78,61902700000000,1),(78,33014600000000,0),(79,92797900000000,0),(79,33647600000000,0),(80,17218000000000,3),(80,83018800000000,3),(81,81907400000000,2),(81,33647600000000,1),(82,33014600000000,3),(82,76710600000000,1),(83,7525950000000,0),(83,92797900000000,2),(84,33617500000000,1),(84,34029600000000,2),(85,33649600000000,1),(85,61902700000000,0),(86,7369230000000,0),(86,17241900000000,1),(87,58196700000000,5),(87,15217000000000,2),(88,61750300000000,3),(88,60518000000000,1),(89,105027000000,0),(89,58986100000000,0),(90,17241900000000,1),(90,33617500000000,1),(91,81907400000000,1),(91,7525950000000,0),(92,33014600000000,1),(92,17218000000000,3),(93,15217000000000,1),(93,83018800000000,0),(94,33647600000000,0),(94,33649600000000,2),(95,34029600000000,0),(95,7369230000000,0),(96,60518000000000,0),(96,105027000000,0),(97,58986100000000,1),(97,76710600000000,0),(98,61902700000000,1),(98,58196700000000,1),(99,92797900000000,0),(99,61750300000000,2),(100,58196700000000,2),(100,7525950000000,0),(101,76710600000000,2),(101,92797900000000,1),(102,61902700000000,1),(102,81907400000000,0),(103,17241900000000,2),(103,33647600000000,1),(104,34029600000000,2),(104,58986100000000,0),(105,60518000000000,1),(105,7369230000000,0),(106,33014600000000,2),(106,33649600000000,2),(107,15217000000000,1),(107,17218000000000,0),(108,105027000000,0),(108,61750300000000,0),(109,33617500000000,3),(109,83018800000000,1),(110,15217000000000,1),(110,33014600000000,0),(111,92797900000000,4),(111,34029600000000,0),(112,33617500000000,0),(112,58196700000000,3),(113,61902700000000,1),(113,17218000000000,1),(114,33649600000000,1),(114,7369230000000,1),(115,76710600000000,2),(115,7525950000000,0),(116,60518000000000,1),(116,33647600000000,1),(117,58986100000000,1),(117,81907400000000,0),(118,17241900000000,0),(118,105027000000,0),(119,83018800000000,1),(119,61750300000000,2),(120,7525950000000,2),(120,58986100000000,0),(121,34029600000000,1),(121,17241900000000,1),(122,7369230000000,2),(122,61902700000000,1),(123,81907400000000,1),(123,83018800000000,1),(124,61750300000000,2),(124,76710600000000,0),(125,17218000000000,1),(125,60518000000000,0),(126,105027000000,2),(126,33649600000000,1),(127,33647600000000,0),(127,15217000000000,0),(128,58196700000000,0),(128,92797900000000,0),(129,33014600000000,2),(129,33617500000000,1),(130,58986100000000,0),(130,17241900000000,0),(131,60518000000000,1),(131,7525950000000,0),(132,33649600000000,2),(132,83018800000000,0),(133,33014600000000,0),(133,7369230000000,0),(134,33647600000000,1),(134,34029600000000,0),(135,61750300000000,1),(135,61902700000000,0),(136,105027000000,1),(136,92797900000000,0),(137,81907400000000,0),(137,58196700000000,2),(138,15217000000000,1),(138,33617500000000,0),(139,17218000000000,3),(139,76710600000000,1),(140,7369230000000,2),(140,15217000000000,0),(141,92797900000000,2),(141,81907400000000,0),(142,33617500000000,1),(142,33649600000000,1),(143,34029600000000,1),(143,33014600000000,0),(144,17241900000000,0),(144,17218000000000,0),(145,76710600000000,3),(145,33647600000000,1),(146,7525950000000,1),(146,61750300000000,1),(147,58196700000000,0),(147,60518000000000,0),(148,61902700000000,2),(148,58986100000000,1),(149,83018800000000,2),(149,105027000000,1),(150,60518000000000,1),(150,33014600000000,1),(151,92797900000000,3),(151,7369230000000,2),(152,76710600000000,3),(152,81907400000000,0),(153,33649600000000,2),(153,17218000000000,1),(154,61902700000000,1),(154,105027000000,1),(155,15217000000000,3),(155,34029600000000,4),(156,58986100000000,0),(156,61750300000000,1),(157,17241900000000,2),(157,58196700000000,1),(158,83018800000000,1),(158,33647600000000,2),(159,33617500000000,2),(159,7525950000000,1),(160,33647600000000,0),(160,92797900000000,1),(161,33014600000000,0),(161,61902700000000,0),(162,7525950000000,0),(162,33649600000000,0),(163,61750300000000,3),(163,17241900000000,1),(164,17218000000000,5),(164,58986100000000,2),(165,34029600000000,2),(165,60518000000000,2),(166,58196700000000,1),(166,76710600000000,0),(167,105027000000,2),(167,15217000000000,1),(168,7369230000000,3),(168,83018800000000,1),(169,81907400000000,1),(169,33617500000000,1),(170,17241900000000,0),(170,7369230000000,2),(171,58986100000000,2),(171,105027000000,1),(172,61902700000000,0),(172,33649600000000,3),(173,15217000000000,0),(173,58196700000000,1),(174,76710600000000,4),(174,33014600000000,0),(175,83018800000000,1),(175,17218000000000,0),(176,60518000000000,0),(176,61750300000000,2),(177,92797900000000,2),(177,7525950000000,2),(178,33647600000000,4),(178,81907400000000,0),(179,34029600000000,1),(179,33617500000000,1),(180,33649600000000,3),(180,33647600000000,0),(181,58196700000000,1),(181,61902700000000,0),(182,7525950000000,2),(182,81907400000000,0),(183,83018800000000,0),(183,15217000000000,1),(184,33617500000000,2),(184,17241900000000,0),(185,61750300000000,2),(185,92797900000000,0),(186,105027000000,3),(186,60518000000000,1),(187,17218000000000,0),(187,33014600000000,0),(188,76710600000000,4),(188,58986100000000,0),(189,7369230000000,0),(189,34029600000000,0),(190,33014600000000,1),(190,92797900000000,1),(191,34029600000000,0),(191,7525950000000,1),(192,60518000000000,0),(192,76710600000000,0),(193,58986100000000,2),(193,33617500000000,1),(194,15217000000000,2),(194,61902700000000,2),(195,33647600000000,1),(195,17218000000000,0),(196,61750300000000,2),(196,7369230000000,1),(197,17241900000000,3),(197,83018800000000,0),(198,81907400000000,0),(198,33649600000000,4),(199,105027000000,2),(199,58196700000000,2),(200,15217000000000,0),(200,60518000000000,1),(201,33617500000000,1),(201,105027000000,1),(202,58196700000000,3),(202,33647600000000,0),(203,92797900000000,3),(203,58986100000000,4),(204,61902700000000,2),(204,7525950000000,1),(205,33649600000000,1),(205,61750300000000,1),(206,83018800000000,1),(206,33014600000000,0),(207,17241900000000,3),(207,81907400000000,1),(208,76710600000000,2),(208,34029600000000,1),(209,7369230000000,2),(209,17218000000000,1),(210,17218000000000,0),(210,92797900000000,1),(211,33647600000000,0),(211,33617500000000,1),(212,61750300000000,3),(212,58196700000000,2),(213,81907400000000,1),(213,15217000000000,1),(214,33014600000000,1),(214,17241900000000,2),(215,34029600000000,1),(215,61902700000000,0),(216,60518000000000,2),(216,33649600000000,2),(217,7525950000000,1),(217,83018800000000,0),(218,105027000000,2),(218,76710600000000,1),(219,58986100000000,1),(219,7369230000000,0),(220,61902700000000,1),(220,60518000000000,1),(221,76710600000000,2),(221,17241900000000,0),(222,34029600000000,0),(222,33649600000000,2),(223,33014600000000,1),(223,81907400000000,1),(224,17218000000000,1),(224,61750300000000,1),(225,15217000000000,2),(225,7525950000000,2),(226,7369230000000,1),(226,105027000000,1),(227,92797900000000,2),(227,33617500000000,1),(228,33647600000000,0),(228,58986100000000,0),(229,58196700000000,0),(229,83018800000000,1),(230,33617500000000,1),(230,76710600000000,1),(231,81907400000000,0),(231,17218000000000,1),(232,7525950000000,2),(232,7369230000000,1),(233,17241900000000,1),(233,61902700000000,0),(234,58986100000000,0),(234,15217000000000,0),(235,61750300000000,3),(235,33647600000000,0),(236,83018800000000,0),(236,34029600000000,1),(237,33649600000000,1),(237,58196700000000,0),(238,60518000000000,1),(238,92797900000000,1),(239,105027000000,2),(239,33014600000000,0),(240,15217000000000,1),(240,76710600000000,2),(241,61902700000000,1),(241,33617500000000,0),(242,17218000000000,1),(242,7525950000000,0),(243,81907400000000,1),(243,61750300000000,1),(244,33014600000000,2),(244,58196700000000,1),(245,34029600000000,1),(245,105027000000,0),(246,58986100000000,0),(246,33649600000000,1),(247,60518000000000,1),(247,17241900000000,0),(248,92797900000000,2),(248,83018800000000,0),(249,33647600000000,0),(249,7369230000000,0),(250,105027000000,1),(250,17218000000000,2),(251,58196700000000,1),(251,34029600000000,1),(252,17241900000000,3),(252,15217000000000,0),(253,76710600000000,1),(253,61902700000000,0),(254,33649600000000,2),(254,92797900000000,0),(255,61750300000000,4),(255,33014600000000,0),(256,33617500000000,2),(256,60518000000000,0),(257,83018800000000,2),(257,58986100000000,1),(258,7525950000000,2),(258,33647600000000,0),(259,7369230000000,1),(259,81907400000000,0),(260,58196700000000,3),(260,17218000000000,2),(261,17241900000000,0),(261,33649600000000,2),(262,76710600000000,2),(262,7369230000000,2),(263,15217000000000,0),(263,92797900000000,0),(264,33617500000000,0),(264,61750300000000,1),(265,33014600000000,1),(265,7525950000000,0),(266,61902700000000,0),(266,83018800000000,0),(267,105027000000,2),(267,33647600000000,0),(268,34029600000000,2),(268,81907400000000,1),(269,60518000000000,0),(269,58986100000000,0),(270,17218000000000,1),(270,34029600000000,0),(271,33649600000000,1),(271,76710600000000,2),(272,81907400000000,1),(272,105027000000,1),(273,83018800000000,1),(273,60518000000000,0),(274,7525950000000,0),(274,17241900000000,0),(275,33647600000000,1),(275,33014600000000,0),(276,7369230000000,0),(276,33617500000000,0),(277,58986100000000,2),(277,58196700000000,1),(278,61750300000000,3),(278,15217000000000,2),(279,92797900000000,1),(280,34029600000000,1),(280,33617500000000,1),(281,33649600000000,3),(281,33647600000000,0),(282,58196700000000,1),(282,61902700000000,0),(283,7525950000000,2),(283,81907400000000,0),(284,83018800000000,0),(284,15217000000000,1),(285,33617500000000,2),(285,17241900000000,0),(286,61750300000000,2),(286,92797900000000,0),(287,105027000000,3),(287,60518000000000,1),(288,17218000000000,0),(288,33014600000000,0),(289,76710600000000,4),(289,58986100000000,0),(290,7369230000000,0),(290,34029600000000,0),(291,33014600000000,1),(291,92797900000000,1),(292,34029600000000,0),(292,7525950000000,1),(293,60518000000000,0),(293,76710600000000,0),(294,58986100000000,2),(294,33617500000000,1),(295,15217000000000,2),(295,61902700000000,2),(296,33647600000000,1),(296,17218000000000,0),(297,61750300000000,2),(297,7369230000000,1),(298,17241900000000,3),(298,83018800000000,0),(299,81907400000000,0),(299,33649600000000,4),(300,105027000000,2),(300,58196700000000,2),(301,15217000000000,0),(301,60518000000000,1),(302,33617500000000,1),(302,105027000000,1),(303,58196700000000,3),(303,33647600000000,0),(304,92797900000000,3),(304,58986100000000,4),(305,61902700000000,2),(305,7525950000000,1),(306,33649600000000,1),(306,61750300000000,1),(307,83018800000000,1),(307,33014600000000,0),(308,17241900000000,3),(308,81907400000000,1),(309,76710600000000,2),(309,34029600000000,1),(310,7369230000000,2),(310,17218000000000,1),(311,17218000000000,0),(311,92797900000000,1),(312,33647600000000,0),(312,33617500000000,1),(313,61750300000000,3),(313,58196700000000,2),(314,81907400000000,1),(314,15217000000000,1),(315,33014600000000,1),(315,17241900000000,2),(316,34029600000000,1),(316,61902700000000,0),(317,60518000000000,2),(317,33649600000000,2),(318,7525950000000,1),(318,83018800000000,0),(319,105027000000,2),(319,76710600000000,1),(320,58986100000000,1),(320,7369230000000,0),(321,61902700000000,1),(321,60518000000000,1),(322,76710600000000,2),(322,17241900000000,0),(323,34029600000000,0),(323,33649600000000,2),(324,33014600000000,1),(324,81907400000000,1),(325,17218000000000,1),(325,61750300000000,1),(326,15217000000000,2),(326,7525950000000,2),(327,7369230000000,1),(327,105027000000,1),(328,92797900000000,2),(328,33617500000000,1),(329,33647600000000,0),(329,58986100000000,0),(330,58196700000000,0),(330,83018800000000,1),(331,33617500000000,1),(331,76710600000000,1),(332,81907400000000,0),(332,17218000000000,1),(333,7525950000000,2),(333,7369230000000,1),(334,17241900000000,1),(334,61902700000000,0),(335,58986100000000,0),(335,15217000000000,0),(336,61750300000000,3),(336,33647600000000,0),(337,83018800000000,0),(337,34029600000000,1),(338,33649600000000,1),(338,58196700000000,0),(339,60518000000000,1),(339,92797900000000,1),(340,105027000000,2),(340,33014600000000,0),(341,15217000000000,1),(341,76710600000000,2),(342,61902700000000,1),(342,33617500000000,0),(343,17218000000000,1),(343,7525950000000,0),(344,81907400000000,1),(344,61750300000000,1),(345,33014600000000,2),(345,58196700000000,1),(346,34029600000000,1),(346,105027000000,0),(347,58986100000000,0),(347,33649600000000,1),(348,60518000000000,1),(348,17241900000000,0),(349,92797900000000,2),(349,83018800000000,0),(350,33647600000000,0),(350,7369230000000,0),(351,105027000000,1),(351,17218000000000,2),(352,58196700000000,1),(352,34029600000000,1),(353,17241900000000,3),(353,15217000000000,0),(354,76710600000000,1),(354,61902700000000,0),(355,33649600000000,2),(355,92797900000000,0),(356,61750300000000,4),(356,33014600000000,0),(357,33617500000000,2),(357,60518000000000,0),(358,83018800000000,2),(358,58986100000000,1),(359,7525950000000,2),(359,33647600000000,0),(360,7369230000000,1),(360,81907400000000,0),(361,58196700000000,3),(361,17218000000000,2),(362,17241900000000,0),(362,33649600000000,2),(363,76710600000000,2),(363,7369230000000,2),(364,15217000000000,0),(364,92797900000000,0),(365,33617500000000,0),(365,61750300000000,1),(366,33014600000000,1),(366,7525950000000,0),(367,61902700000000,0),(367,83018800000000,0),(368,105027000000,2),(368,33647600000000,0),(369,34029600000000,2),(369,81907400000000,1),(370,60518000000000,0),(370,58986100000000,0),(371,17218000000000,1),(371,34029600000000,0),(372,33649600000000,1),(372,76710600000000,2),(373,81907400000000,1),(373,105027000000,1),(374,83018800000000,1),(374,60518000000000,0),(375,7525950000000,0),(375,17241900000000,0),(376,33647600000000,1),(376,33014600000000,0),(377,7369230000000,0),(377,33617500000000,0),(378,58986100000000,2),(378,58196700000000,1),(379,61750300000000,3),(379,15217000000000,2),(380,92797900000000,1),(380,61902700000000,0);
/*!40000 ALTER TABLE `gol` ENABLE KEYS */;
UNLOCK TABLES;

--
-- Table structure for table `jogador`
--

DROP TABLE IF EXISTS `jogador`;
/*!40101 SET @saved_cs_client     = @@character_set_client */;
 SET character_set_client = utf8mb4 ;
CREATE TABLE `jogador` (
  `codJogador` int(11) NOT NULL AUTO_INCREMENT,
  `posicao` varchar(30) DEFAULT NULL,
  `nome` varchar(30) DEFAULT NULL,
  `clube` float NOT NULL,
  PRIMARY KEY (`codJogador`),
  KEY `fk_jogador_clube` (`clube`)
) ENGINE=MyISAM AUTO_INCREMENT=919 DEFAULT CHARSET=latin1;
/*!40101 SET character_set_client = @saved_cs_client */;

--
-- Dumping data for table `jogador`
--

LOCK TABLES `jogador` WRITE;
/*!40000 ALTER TABLE `jogador` DISABLE KEYS */;
INSERT INTO `jogador` VALUES (1,'Goleiro','Fernando Henrique',7369230000000),(2,'Zagueiro','Edu Dracena',61750300000000),(3,'Zagueiro','Juan',33649600000000),(4,'Técnico','Mano Menezes',17241900000000),(5,'Técnico','Gilson Kleina',83018800000000),(6,'Meia','Wagner',33617500000000),(7,'Goleiro','Fábio',17241900000000),(8,'Zagueiro','Paulo André',76710600000000),(9,'Meia','Michel Bastos',58986100000000),(10,'Meia','Cícero',92797900000000),(11,'Lateral','Jonathan',76710600000000),(12,'Atacante','Rafael Moura',33014600000000),(13,'Lateral','Patric',17218000000000),(14,'Meia','Rodriguinho',61902700000000),(15,'Lateral','Léo Moura',92797900000000),(16,'Meia','Henrique',17241900000000),(17,'Meia','Marcelo Mattos',33617500000000),(18,'Meia','Airton',33647600000000),(19,'Meia','D\'Alessandro',105027000000),(20,'Meia','Camilo',105027000000),(21,'Atacante','Lucca',105027000000),(22,'Goleiro','Vanderlei',58196700000000),(23,'Lateral','Edimar',60518000000000),(24,'Meia','Robinho',17241900000000),(25,'Lateral','Jean',61750300000000),(26,'Zagueiro','Werley',33617500000000),(27,'Lateral','Pará',33649600000000),(28,'Atacante','Wallyson',15217000000000),(29,'Meia','Willian Farias',15217000000000),(30,'Técnico','Enderson Moreira',33014600000000),(31,'Meia','Wellington',33617500000000),(32,'Lateral','Marcos Rocha',61750300000000),(33,'Lateral','Juninho',15217000000000),(34,'Zagueiro','Douglas',83018800000000),(35,'Meia','Zezinho',81907400000000),(36,'Zagueiro','Paulão',33617500000000),(37,'Meia','Moisés',61750300000000),(38,'Goleiro','Rodolfo',33647600000000),(39,'Meia','Edenílson',105027000000),(40,'Lateral','Carlinhos',33014600000000),(41,'Meia','Alan Ruschel',83018800000000),(42,'Atacante','Luan',17218000000000),(43,'Meia','Jucilei',60518000000000),(44,'Lateral','Dodô',58196700000000),(45,'Atacante','André',92797900000000),(46,'Zagueiro','Rodrigo Moledo',105027000000),(47,'Atacante','Bergson',76710600000000),(48,'Meia','Bruno Silva',17241900000000),(49,'Meia','Marquinhos Gabriel',61902700000000),(50,'Atacante','Rafael Sobis',17241900000000),(51,'Meia','Vecchio',58196700000000),(52,'Lateral','Victor Ferraz',58196700000000),(53,'Atacante','Alex Amado',7369230000000),(54,'Goleiro','Renan',7369230000000),(55,'Meia','Maicosuel',92797900000000),(56,'Zagueiro','Manoel',17241900000000),(57,'Atacante','Emerson Sheik',61902700000000),(58,'Goleiro','Giovanni',17218000000000),(59,'Lateral','Régis',60518000000000),(60,'Meia','Léo Cittadini',58196700000000),(61,'Meia','Paulo Roberto',61902700000000),(62,'Zagueiro','Neto',83018800000000),(63,'Goleiro','Santos',76710600000000),(64,'Meia','Deivid',58986100000000),(65,'Goleiro','Vladimir',58196700000000),(66,'Atacante','Pablo',76710600000000),(67,'Goleiro','Marcelo Grohe',92797900000000),(68,'Goleiro','Danilo Fernandes',105027000000),(69,'Goleiro','Martín Silva',33617500000000),(70,'Meia','Romulo',33649600000000),(71,'Meia','Reina',7369230000000),(72,'Meia','Nikão',76710600000000),(73,'Goleiro','Sidão',60518000000000),(74,'Atacante','Eduardo Sasha',58196700000000),(75,'Meia','Jackson Caucaia',7369230000000),(76,'Técnico','Jorginho',33617500000000),(77,'Meia','Ederson',33649600000000),(78,'Meia','Fillipe Soutto',15217000000000),(79,'Técnico','Rogério Micale',81907400000000),(80,'Atacante','Rhayner',15217000000000),(81,'Lateral','Diogo Barbosa',61750300000000),(82,'Meia','Seijas',105027000000),(83,'Zagueiro','Jackson',7525950000000),(84,'Meia','Linik',15217000000000),(85,'Zagueiro','Marllon',61902700000000),(86,'Meia','Wescley',7369230000000),(87,'Meia','Bruno Henrique',61750300000000),(88,'Atacante','Robinho',33647600000000),(89,'Meia','Mancuello',17241900000000),(90,'Atacante','Paulo Vitor',33617500000000),(91,'Meia','Bruno Cosendey',33617500000000),(92,'Meia','Vinícius',7525950000000),(93,'Meia','Esperon',92797900000000),(94,'Atacante','João Carlos',33647600000000),(95,'Zagueiro','Patrick',7369230000000),(96,'Meia','Alex Baumjohann',15217000000000),(97,'Meia','Willian Arão',33649600000000),(98,'Atacante','Jadson',92797900000000),(99,'Zagueiro','Arthur',17241900000000),(100,'Goleiro','Fernando Miguel',33617500000000),(101,'Atacante','Kelvin',33617500000000),(102,'Meia','Lucho González',76710600000000),(103,'Lateral','Léo',33647600000000),(104,'Atacante','Brenner',60518000000000),(105,'Lateral','Leonardo Simas',76710600000000),(106,'Zagueiro','Gabriel',92797900000000),(107,'Meia','Cuéllar',33649600000000),(108,'Atacante','Paulinho',33617500000000),(109,'Goleiro','Weverton',61750300000000),(110,'Zagueiro','Bremer',17218000000000),(111,'Atacante','Léo Passos',61750300000000),(112,'Meia','Elton',7525950000000),(113,'Goleiro','Agenor',58986100000000),(114,'Zagueiro','Helerson',34029600000000),(115,'Meia','Patrick',92797900000000),(116,'Zagueiro','Ricardo',33617500000000),(117,'Goleiro','Bruno Grassi',92797900000000),(118,'Meia','Michel ',92797900000000),(119,'Atacante','Júnior Brumado',7525950000000),(120,'Atacante','Ezequiel',34029600000000),(121,'Atacante','Lucas Campos',34029600000000),(122,'Atacante','Silvinho',81907400000000),(123,'Meia','Juninho',7369230000000),(124,'Meia','Thiago Galhardo',33617500000000),(125,'Meia','Khevin',83018800000000),(126,'Lateral','Bruno Cortez',92797900000000),(127,'Meia','Igor Gomes',60518000000000),(128,'Lateral','Giovanni',33014600000000),(129,'Meia','Jhonny Lucas',81907400000000),(130,'Zagueiro','Thuler',33649600000000),(131,'Atacante','Lincoln',33649600000000),(132,'Meia','Uillian Correia',15217000000000),(133,'Meia','João Paulo',34029600000000),(134,'Lateral','Pablo Maldini',33649600000000),(135,'Goleiro','Jailson',61750300000000),(136,'Atacante','Lucas Poletto',92797900000000),(137,'Goleiro','Éverson',7369230000000),(138,'Meia','Rodrigo Lindoso',34029600000000),(139,'Lateral','Lucas Soares',17241900000000),(140,'Meia','Vander',17241900000000),(141,'Lateral','Arnaldo',7369230000000),(142,'Zagueiro','Cléber Reis',81907400000000),(143,'Atacante','Hernane',92797900000000),(144,'Técnico','Fernando Diniz',76710600000000),(145,'Atacante','Yuri Alberto',58196700000000),(146,'Atacante','Rodrygo',58196700000000),(147,'Lateral','Samuel Xavier',7369230000000),(148,'Zagueiro','Bressan',92797900000000),(149,'Atacante','Fernando',61750300000000),(150,'Técnico','Lisca',7369230000000),(151,'Atacante','Matheus Matias',61902700000000),(152,'Zagueiro','Weverton Almeida',76710600000000),(153,'Meia','Matheus Henrique',92797900000000),(154,'Zagueiro','Matheus Guedes',58196700000000),(155,'Goleiro','Brenno',92797900000000),(156,'Lateral','Guilherme Guedes',92797900000000),(157,'Goleiro','Filipe',61902700000000),(158,'Zagueiro','Ericson',92797900000000),(159,'Atacante','Paulinho',60518000000000),(160,'Atacante','Bissoli',60518000000000),(161,'Meia','Gabriel',60518000000000),(162,'Meia','Alanzinho',61750300000000),(163,'Lateral','Liziero',60518000000000),(164,'Lateral','Esteves',61750300000000),(165,'Lateral','Vitinho',17241900000000),(166,'Atacante','Hygor',58986100000000),(167,'Lateral','Luan Cândido',61750300000000),(168,'Atacante','Guilherme Vieira',61750300000000),(169,'Lateral','João Pedro Ribeiro',7525950000000),(170,'Meia','Ferreira',58986100000000),(171,'Lateral','Mansur',81907400000000),(172,'Meia','Lucas Araújo',92797900000000),(173,'Atacante','Carneiro',60518000000000),(174,'Atacante','Romário Rodrigues',7369230000000),(175,'Atacante','Miullen',83018800000000),(176,'Meia','Lucas Silva',17241900000000),(177,'Atacante','Flávio',15217000000000),(178,'Atacante','Júnior Santos',83018800000000),(179,'Goleiro','Lucas Paes',60518000000000),(180,'Lateral','Carlos Augusto',61902700000000),(181,'Atacante','Brenner',105027000000),(182,'Lateral','Fabiano',105027000000),(183,'Atacante','Tiago Cunha',7369230000000),(184,'Meia','Nenén',83018800000000),(185,'Atacante','Toró',60518000000000),(186,'Técnico','Thiago Larghi',17218000000000),(187,'Meia','Pio',7369230000000),(188,'Meia','Guilherme Nunes',58196700000000),(189,'Meia','Gabriel Calabres',58196700000000),(190,'Zagueiro','Matheus Mancini',17218000000000),(191,'Atacante','Brenner',34029600000000),(192,'Atacante','Vitor Naum',76710600000000),(193,'Meia','Richard',105027000000),(194,'Atacante','Marcos Junior',33647600000000),(195,'Meia','Jadson',33647600000000),(196,'Meia','Maurício',7369230000000),(197,'Meia','Nadson',83018800000000),(198,'Goleiro','Murillo Lopes',81907400000000),(199,'Atacante','Ademir',33014600000000),(200,'Goleiro','Igor Campos',83018800000000),(201,'Atacante','Bruno Silva',83018800000000),(202,'Zagueiro','Lucas Fonseca',7525950000000),(203,'Goleiro','Vitor Eudes',17241900000000),(204,'Lateral','Yago Pikachu',33617500000000),(205,'Zagueiro','Marco Saravia',92797900000000),(206,'Meia','Jean Mota',58196700000000),(207,'Meia','Rodrigo Ancheta',92797900000000),(208,'Meia','Pepê',33649600000000),(209,'Lateral','Bryan',15217000000000),(210,'Meia','Gabriel',61902700000000),(211,'Meia','Isaque',92797900000000),(212,'Goleiro','Hugo Souza',33649600000000),(213,'Atacante','Wendel',33649600000000),(214,'Meia','Léo Gomes',15217000000000),(215,'Goleiro','Luis Carlos',81907400000000),(216,'Meia','Paulo Henrique',60518000000000),(217,'Atacante','Éderson',76710600000000),(218,'Zagueiro','Matheus Dantas',33649600000000),(219,'Meia','Lucas Lourenço',58196700000000),(220,'Lateral','Michael',33649600000000),(221,'Meia','Hugo Moura',33649600000000),(222,'Zagueiro','Patrick',33649600000000),(223,'Lateral','Reinaldo',60518000000000),(224,'Lateral','João Vitor',33647600000000),(225,'Lateral','Ramon',33649600000000),(226,'Atacante','Jonatas Belusso',15217000000000),(227,'Atacante','Vitor Gabriel',33649600000000),(228,'Meia','Caio',33647600000000),(229,'Meia','Thiago Santos',61750300000000),(230,'Goleiro','Richard',81907400000000),(231,'Meia','Guilherme Ribeiro',76710600000000),(232,'Atacante','Dudu',33647600000000),(233,'Meia','Demethryus',76710600000000),(234,'Atacante','Thiago Santos',81907400000000),(235,'Meia','Petros',60518000000000),(236,'Lateral','Felipe Jonatan',7369230000000),(237,'Meia','Naldo',7369230000000),(238,'Atacante','Alerrandro',17218000000000),(239,'Meia','Bruno Roberto',17218000000000),(240,'Meia','Lucas Santos',33617500000000),(241,'Zagueiro','Miranda',33617500000000),(242,'Meia','Moisés Ribeiro',83018800000000),(243,'Zagueiro','Rafael França',33617500000000),(244,'Zagueiro','Tiago ',7525950000000),(245,'Zagueiro','Luiz Felipe',58196700000000),(246,'Técnico','Claudinei Oliveira',58986100000000),(247,'Meia','Guilherme Biteco',81907400000000),(248,'Zagueiro','Luan Peres ',33647600000000),(249,'Zagueiro','Víctor Cuesta',105027000000),(250,'Meia','Marlone',58986100000000),(251,'Zagueiro','Ricardo Silva',33014600000000),(252,'Goleiro','João Pedro',33617500000000),(253,'Atacante','Matheus Santos',33014600000000),(254,'Lateral','Jeferson',15217000000000),(255,'Zagueiro','Nery Bareiro',83018800000000),(256,'Meia','Yago',17218000000000),(257,'Lateral','Henrique',33617500000000),(258,'Zagueiro','Bruno Pires',7369230000000),(259,'Atacante','Marcelinho',92797900000000),(260,'Goleiro','Marcos Felipe ',33647600000000),(261,'Meia','Marcelo',34029600000000),(262,'Goleiro','Uilson',17218000000000),(263,'Meia','Gabriel',58986100000000),(264,'Atacante','Carlos',81907400000000),(265,'Meia','Valdívia',60518000000000),(266,'Meia','Cazares',17218000000000),(267,'Atacante','Berrío ',33649600000000),(268,'Atacante','Clayton',17218000000000),(269,'Atacante','Andrés Ríos',33617500000000),(270,'Goleiro','João Paulo',58196700000000),(271,'Técnico','Cláudio Prates',7525950000000),(272,'Meia','Alex Santana',81907400000000),(273,'Meia','Jonas',33649600000000),(274,'Goleiro','João Ricardo',33014600000000),(275,'Lateral','Léo',7525950000000),(276,'Meia','Alisson',92797900000000),(277,'Atacante','Osman',83018800000000),(278,'Atacante','Henrique Dourado',33649600000000),(279,'Atacante','Rossi',105027000000),(280,'Meia','Juninho',33014600000000),(281,'Atacante','Aylon',33014600000000),(282,'Goleiro','Jean',60518000000000),(283,'Meia','Hyoran',61750300000000),(284,'Atacante','Borja',61750300000000),(285,'Meia','Cueva',60518000000000),(286,'Meia','Régis',7525950000000),(287,'Lateral','Marcelo Hermes',17241900000000),(288,'Zagueiro','Thales ',105027000000),(289,'Meia','Zé Rafael ',7525950000000),(290,'Atacante','Morato',60518000000000),(291,'Zagueiro','Wanderson',76710600000000),(292,'Atacante','Douglas Coutinho ',7369230000000),(293,'Lateral','Victor Luis',61750300000000),(294,'Atacante','Hyuri',7369230000000),(295,'Meia','Matheus Galdezani',17218000000000),(296,'Técnico','Maurício Barbieri',33649600000000),(297,'Técnico','Diego Aguirre',60518000000000),(298,'Atacante','Pablo Dyego',33647600000000),(299,'Atacante','Keno',61750300000000),(300,'Meia','Ruy',33014600000000),(301,'Zagueiro','Rafael Thyere',83018800000000),(302,'Atacante','Gabriel',58196700000000),(303,'Goleiro','Jandrei',83018800000000),(304,'Meia','Pavez',76710600000000),(305,'Zagueiro','Thiago Martins',61750300000000),(306,'Meia','Everton Felipe',58986100000000),(307,'Atacante','Marcos Guilherme ',60518000000000),(308,'Zagueiro','Neris',81907400000000),(309,'Meia','Patrick',105027000000),(310,'Zagueiro','Léo Pereira',76710600000000),(311,'Atacante','Luan Viana',81907400000000),(312,'Atacante','Clayson',61902700000000),(313,'Meia','Bruno Silva',33617500000000),(314,'Atacante','Neilton',15217000000000),(315,'Zagueiro','Rodrigo Becão',7525950000000),(316,'Goleiro','Glauco',33014600000000),(317,'Lateral','Malcoon',33014600000000),(318,'Atacante','Rogério',58986100000000),(319,'Meia','Allione',7525950000000),(320,'Zagueiro','Valdo',7369230000000),(321,'Zagueiro','Charles',81907400000000),(322,'Zagueiro','Bruno Alves',60518000000000),(323,'Lateral','Evandro',58986100000000),(324,'Atacante','Nico López',105027000000),(325,'Meia','Lucas Romero',17241900000000),(326,'Atacante','Denilson',15217000000000),(327,'Atacante','Rildo',33617500000000),(328,'Meia','Richard',33647600000000),(329,'Atacante','Everton',92797900000000),(330,'Atacante','Luan',92797900000000),(331,'Atacante','Judivan ',33014600000000),(332,'Meia','Torito González',81907400000000),(333,'Meia','Matheus Rossetto',76710600000000),(334,'Meia','José Welison',15217000000000),(335,'Lateral','Sidcley',61902700000000),(336,'Zagueiro','Vinicius',15217000000000),(337,'Zagueiro','Rodrigo Caio',60518000000000),(338,'Atacante','Geuvânio',33649600000000),(339,'Goleiro','Lucas Macanhan',76710600000000),(340,'Atacante','Fernandinho',7525950000000),(341,'Meia','Marcos Vinícius',34029600000000),(342,'Zagueiro','Luiz Otávio ',83018800000000),(343,'Meia','Canteros',83018800000000),(344,'Atacante','Raniel',17241900000000),(345,'Meia','Flávio',7525950000000),(346,'Goleiro','David',81907400000000),(347,'Atacante','Nathan',33617500000000),(348,'Zagueiro','Emerson Santos',61750300000000),(349,'Meia','Gustavo Blanco',17218000000000),(350,'Lateral','Leonardo',92797900000000),(351,'Goleiro','Thiago',33649600000000),(352,'Lateral','Zeca',105027000000),(353,'Zagueiro','Rayan',81907400000000),(354,'Zagueiro','Gabriel',17218000000000),(355,'Zagueiro','Messias',33014600000000),(356,'Zagueiro','Pedro Henrique',61902700000000),(357,'Meia','Thaciano',92797900000000),(358,'Zagueiro','Kannemann',92797900000000),(359,'Meia','Neto Moura',58986100000000),(360,'Meia','Vitor Bueno',58196700000000),(361,'Atacante','Carlos Henrique',58986100000000),(362,'Atacante','Tréllez',60518000000000),(363,'Meia','Yago',15217000000000),(364,'Meia','Desábato',33617500000000),(365,'Meia','Arrascaeta',17241900000000),(366,'Goleiro','Léo',92797900000000),(367,'Meia','Sornoza',33647600000000),(368,'Lateral','Rodinei',33649600000000),(369,'Goleiro','Gatito Fernández',34029600000000),(370,'Zagueiro','Walisson Maia',15217000000000),(371,'Lateral','Claudio Winck',58986100000000),(372,'Meia','Guilherme Costa',15217000000000),(373,'Meia','Alison',58196700000000),(374,'Lateral','Daniel Guedes ',58196700000000),(375,'Atacante','Ángel Romero',61902700000000),(376,'Meia','Serginho',33014600000000),(377,'Lateral','Yuri',34029600000000),(378,'Lateral','Felipe Rodrigues',58986100000000),(379,'Atacante','Júnior',15217000000000),(380,'Atacante','Pepê',92797900000000),(381,'Lateral','Aderlan',33014600000000),(382,'Zagueiro','Éder ',76710600000000),(383,'Atacante','Raphael Alemão',81907400000000),(384,'Lateral','Ayrton Lucas',33647600000000),(385,'Zagueiro','Jesiel',81907400000000),(386,'Zagueiro','Balbuena',61902700000000),(387,'Meia','Lucas',33617500000000),(388,'Goleiro','Lucas Perri',60518000000000),(389,'Zagueiro','Bruno Bispo',15217000000000),(390,'Atacante','Leandro Carvalho',34029600000000),(391,'Meia','Bruno Paulista',33617500000000),(392,'Meia','Leandro Vilela',81907400000000),(393,'Meia','Luiz Antonio ',83018800000000),(394,'Zagueiro','Arboleda',60518000000000),(395,'Atacante','Kazim',61902700000000),(396,'Meia','Leonardo Valencia',34029600000000),(397,'Lateral','Igor',81907400000000),(398,'Meia','Barreto',83018800000000),(399,'Meia','Gabriel Dias',105027000000),(400,'Zagueiro','Iago Maidana',17218000000000),(401,'Meia','Rafinha',7369230000000),(402,'Meia','Wesley',33014600000000),(403,'Meia','Jean',34029600000000),(404,'Meia','Élber',7525950000000),(405,'Zagueiro','Léo Ortiz',58986100000000),(406,'Zagueiro','Henrique',61902700000000),(407,'Lateral','Léo Principe',61902700000000),(408,'Lateral','Iago',105027000000),(409,'Atacante','Edigar Junio',7525950000000),(410,'Meia','Balbino',92797900000000),(411,'Meia','Matheus Anjos',76710600000000),(412,'Lateral','Caju',58196700000000),(413,'Zagueiro','Danilo Silva',105027000000),(414,'Zagueiro','Ramon',15217000000000),(415,'Lateral','Júnior Tavares',60518000000000),(416,'Meia','Pedro Ken',7369230000000),(417,'Zagueiro','Rafael Pereira',7369230000000),(418,'Atacante','Paolo Guerrero',33649600000000),(419,'Lateral','Apodi',83018800000000),(420,'Meia','Leandro Donizete',33014600000000),(421,'Goleiro','Erick',33014600000000),(422,'Zagueiro','Vitão',61750300000000),(423,'Goleiro','Saulo',34029600000000),(424,'Zagueiro','Yago',34029600000000),(425,'Técnico','Osmar Loss',61902700000000),(426,'Zagueiro','Rafael',33649600000000),(427,'Goleiro','Walter',61902700000000),(428,'Meia','Guerra',61750300000000),(429,'Lateral','Thiago Carleto',76710600000000),(430,'Atacante','Capixaba',33014600000000),(431,'Atacante','William Pottker',105027000000),(432,'Meia','Rodrigo Andrade',15217000000000),(433,'Meia','Nickson',15217000000000),(434,'Zagueiro','Igor Rabello',34029600000000),(435,'Zagueiro','Tiago Alves',7369230000000),(436,'Atacante','Copete',58196700000000),(437,'Lateral','Felipinho',33014600000000),(438,'Meia','Éverton Ribeiro',33649600000000),(439,'Lateral','Madson',92797900000000),(440,'Lateral','Marcos Vinícius ',83018800000000),(441,'Meia','Dodi',33647600000000),(442,'Atacante','Marlos',33649600000000),(443,'Zagueiro','Kanu',15217000000000),(444,'Zagueiro','Adryelson',58986100000000),(445,'Goleiro','Maílson',58986100000000),(446,'Meia','Leandrinho',34029600000000),(447,'Meia','Ralf',61902700000000),(448,'Atacante','Róger Guedes',17218000000000),(449,'Lateral','Mena',7525950000000),(450,'Meia','Andrigo',58986100000000),(451,'Lateral','Caio',58986100000000),(452,'Lateral','Bruno Pacheco',83018800000000),(453,'Lateral','Pedro Botelho',15217000000000),(454,'Meia','Jailson',92797900000000),(455,'Lateral','Gilson',34029600000000),(456,'Zagueiro','Anderson Martins',60518000000000),(457,'Atacante','Bruno Henrique',58196700000000),(458,'Zagueiro','Réver',33649600000000),(459,'Lateral','Moisés',34029600000000),(460,'Meia','Estevão',92797900000000),(461,'Meia','Arthur',92797900000000),(462,'Atacante','David',17241900000000),(463,'Goleiro','Victor',17218000000000),(464,'Meia','Elias',17218000000000),(465,'Goleiro','Gabriel Batista',33649600000000),(466,'Meia','Alex',76710600000000),(467,'Atacante','Diego',81907400000000),(468,'Meia','Maicon',92797900000000),(469,'Atacante','Kendy',83018800000000),(470,'Meia','Yuri',58196700000000),(471,'Meia','Bruno Guimarães',76710600000000),(472,'Lateral','Cedric',15217000000000),(473,'Lateral','Bruno',83018800000000),(474,'Goleiro','Tiepo',83018800000000),(475,'Zagueiro','Kanu',34029600000000),(476,'Atacante','Marquinhos',33014600000000),(477,'Lateral','Luis Ricardo',34029600000000),(478,'Meia','Jean Lucas',33649600000000),(479,'Meia','Juan Alano',105027000000),(480,'Atacante','Lucas Silva',33649600000000),(481,'Zagueiro','Dedé',17241900000000),(482,'Atacante','Ronald',105027000000),(483,'Meia','Renan Oliveira',33014600000000),(484,'Meia','Caio Henrique',81907400000000),(485,'Atacante','Felipe Azevedo',7369230000000),(486,'Atacante','Luan',33014600000000),(487,'Meia','João Pedro',34029600000000),(488,'Meia','Marquinhos',17218000000000),(489,'Lateral','Fábio Santos',17218000000000),(490,'Goleiro','Caíque França',61902700000000),(491,'Lateral','Marlon',33647600000000),(492,'Meia','Thiago Neves',17241900000000),(493,'Atacante','Roger',61902700000000),(494,'Atacante','Wellington Paulista',83018800000000),(495,'Lateral','Diego Ferreira',76710600000000),(496,'Meia','Márcio Araújo',83018800000000),(497,'Zagueiro','Everson',7525950000000),(498,'Meia','Pedrinho',61902700000000),(499,'Zagueiro','Zé Ivaldo',76710600000000),(500,'Meia','Lucas Marques',15217000000000),(501,'Goleiro','Fernando Leal',33014600000000),(502,'Lateral','Alemão',81907400000000),(503,'Meia','Christian',33014600000000),(504,'Meia','Jadson',61902700000000),(505,'Meia','Rafinha',17241900000000),(506,'Goleiro','Gabriel Félix',33617500000000),(507,'Atacante','Diogo Vitor',58196700000000),(508,'Lateral','Cascardo',76710600000000),(509,'Zagueiro','Lima',33014600000000),(510,'Atacante','Eder Luis',7369230000000),(511,'Lateral','Michel',33014600000000),(512,'Atacante','Giovanny ',76710600000000),(513,'Lateral','Edílson',17241900000000),(514,'Goleiro','Diego Alves',33649600000000),(515,'Zagueiro','Juninho',17218000000000),(516,'Meia','Felipe Melo',61750300000000),(517,'Meia','David',33014600000000),(518,'Atacante','Luis Henrique',92797900000000),(519,'Atacante','Arthur',7369230000000),(520,'Técnico','Jair Ventura',58196700000000),(521,'Atacante','Elton',7369230000000),(522,'Meia','Luiz Fernando ',34029600000000),(523,'Zagueiro','Fabrício Bruno',83018800000000),(524,'Goleiro','Elias',15217000000000),(525,'Meia','Douglas',92797900000000),(526,'Zagueiro','Matheus Ferraz',33014600000000),(527,'Atacante','Ricardo Oliveira',17218000000000),(528,'Goleiro','Caíque',15217000000000),(529,'Meia','Renato',58196700000000),(530,'Meia','Diego',33649600000000),(531,'Goleiro','De Amores',33647600000000),(532,'Zagueiro','Klaus',105027000000),(533,'Atacante','Lucas Fernandes',15217000000000),(534,'Meia','Nenê',60518000000000),(535,'Técnico','Odair Hellmann',105027000000),(536,'Atacante','Rafael Marques',58986100000000),(537,'Técnico','Abel Braga',33647600000000),(538,'Atacante','Aguirre',34029600000000),(539,'Técnico','Vagner Mancini',15217000000000),(540,'Atacante','Guilherme',83018800000000),(541,'Meia','Dudu Cearense',34029600000000),(542,'Goleiro','Magrão',58986100000000),(543,'Zagueiro','Thiago Heleno',76710600000000),(544,'Meia','Raul',33617500000000),(545,'Atacante','Willian',61750300000000),(546,'Lateral','Egídio',17241900000000),(547,'Goleiro','Cássio',61902700000000),(548,'Meia','Douglas',33647600000000),(549,'Técnico','Renato Gaúcho',92797900000000),(550,'Atacante','Léo Tilica',92797900000000),(551,'Meia','Kaio',92797900000000),(552,'Meia','Amaral',83018800000000),(553,'Lateral','Fagner',61902700000000),(554,'Goleiro','Deijair ',7525950000000),(555,'Goleiro','César',33649600000000),(556,'Zagueiro','Gustavo Henrique',58196700000000),(557,'Lateral','Bruno',60518000000000),(558,'Meia','Lucas Fernandes',60518000000000),(559,'Zagueiro','Rhodolfo',33649600000000),(560,'Zagueiro','Ernando',58986100000000),(561,'Goleiro','Júlio César',33647600000000),(562,'Lateral','Juninho Capixaba',61902700000000),(563,'Atacante','Geovane Itinga',7525950000000),(564,'Lateral','Fabrício',33617500000000),(565,'Meia','Lucas Paquetá',33649600000000),(566,'Meia','Guilherme',76710600000000),(567,'Meia','Everton',60518000000000),(568,'Meia','Elicarlos',83018800000000),(569,'Meia','Hudson',60518000000000),(570,'Zagueiro','Rafael Lima',33014600000000),(571,'Lateral','Lucas',15217000000000),(572,'Meia','Adilson',17218000000000),(573,'Zagueiro','David Braz',58196700000000),(574,'Meia','Luís Fernando',7525950000000),(575,'Meia','Carlos Eduardo',81907400000000),(576,'Lateral','Marcelo Oliveira',92797900000000),(577,'Meia','Gerson Magrão',33014600000000),(578,'Atacante','Deyverson',61750300000000),(579,'Atacante','Kayke',7525950000000),(580,'Meia','Jean Pyerre',92797900000000),(581,'Meia','Felipinho',7525950000000),(582,'Zagueiro','Breno',33617500000000),(583,'Meia','Marco Antônio',7525950000000),(584,'Meia','Ronaldo',33649600000000),(585,'Atacante','Yago',76710600000000),(586,'Lateral','Nicolas',76710600000000),(587,'Meia','Yan',61750300000000),(588,'Lateral','Báez',81907400000000),(589,'Meia','Mateus Vital',61902700000000),(590,'Atacante','Bill',76710600000000),(591,'Zagueiro','Lucas Veríssimo',58196700000000),(592,'Zagueiro','Aderllan',15217000000000),(593,'Goleiro','Lucas França',17241900000000),(594,'Goleiro','Keiller',105027000000),(595,'Goleiro','Cleiton',17218000000000),(596,'Lateral','Victor Luiz',17241900000000),(597,'Atacante','Índio',58986100000000),(598,'Zagueiro','Marcelo Benevenuto',34029600000000),(599,'Atacante','Bruno Xavier',61902700000000),(600,'Goleiro','John Victor',58196700000000),(601,'Zagueiro','Joel Carli',34029600000000),(602,'Lateral','Patrick Brey',17241900000000),(603,'Zagueiro','Léo Duarte',33649600000000),(604,'Meia','Araruna',60518000000000),(605,'Meia','Luquinhas',33647600000000),(606,'Goleiro','Michael',17218000000000),(607,'Atacante','Vico',92797900000000),(608,'Meia','Matheus Fernandes',34029600000000),(609,'Meia','Gregore',7525950000000),(610,'Atacante','Ribamar',76710600000000),(611,'Lateral','Alan Cardoso',33617500000000),(612,'Meia','Matheusinho',33014600000000),(613,'Lateral','Trauco',33649600000000),(614,'Atacante','Felipe Vizeu',33649600000000),(615,'Meia','Andrey',33617500000000),(616,'Meia','Jhony',81907400000000),(617,'Atacante','Marcinho',76710600000000),(618,'Goleiro','Lucas Ferreira',58986100000000),(619,'Meia','Gustavo Bochecha',34029600000000),(620,'Meia','Evander',33617500000000),(621,'Atacante','Vinicius Junior',33649600000000),(622,'Lateral','Júnior',81907400000000),(623,'Zagueiro','Léo Santos',61902700000000),(624,'Atacante','Artur',61750300000000),(625,'Atacante','Caio Monteiro',33617500000000),(626,'Lateral','Marcinho',34029600000000),(627,'Meia','Fabrício',58986100000000),(628,'Meia','Maycon',61902700000000),(629,'Atacante','Hugo Borges',33617500000000),(630,'Atacante','Caíque',60518000000000),(631,'Atacante','Marcelo',76710600000000),(632,'Atacante','Perotti',83018800000000),(633,'Meia','Mateus Norton',33647600000000),(634,'Goleiro','Daniel Fuzato',61750300000000),(635,'Meia','Diego Pituca',58196700000000),(636,'Atacante','Juninho Piauiense',7369230000000),(637,'Goleiro','Felipe',7525950000000),(638,'Lateral','Sander',58986100000000),(639,'Meia','Raphael Veiga',76710600000000),(640,'Atacante','Ítalo',7525950000000),(641,'Atacante','Caprini',76710600000000),(642,'Atacante','Luidy',7369230000000),(643,'Lateral','Riuler',76710600000000),(644,'Meia','Charles',105027000000),(645,'Atacante','Pedro',33647600000000),(646,'Meia','Lima',92797900000000),(647,'Meia','Alexsander',76710600000000),(648,'Lateral','Renan Lodi',76710600000000),(649,'Meia','Pablo Pardal',58986100000000),(650,'Goleiro','Cassiano',7525950000000),(651,'Lateral','Emerson',17218000000000),(652,'Goleiro','Daniel',105027000000),(653,'Meia','Wesley Dias',81907400000000),(654,'Lateral','Mantuan',61902700000000),(655,'Lateral','Kevin',17218000000000),(656,'Meia','Baralhas',76710600000000),(657,'Lateral','Éder Militão',60518000000000),(658,'Meia','Gabriel Pires',81907400000000),(659,'Atacante','Felipe',33647600000000),(660,'Zagueiro','Durval',58986100000000),(661,'Meia','Danilo',61902700000000),(662,'Meia','Zé Ricardo',33014600000000),(663,'Goleiro','Caio',76710600000000),(664,'Atacante','Arthur Gomes',58196700000000),(665,'Goleiro','Jefferson',34029600000000),(666,'Meia','Gabriel Furtado',61750300000000),(667,'Lateral','Dudu',105027000000),(668,'Goleiro','Matheus Vidotto',61902700000000),(669,'Zagueiro','Daniel ',76710600000000),(670,'Goleiro','Fernando Prass',61750300000000),(671,'Atacante','Pachu',34029600000000),(672,'Atacante','Matheus Alessandro',33647600000000),(673,'Atacante','Marcos Calazans',33647600000000),(674,'Zagueiro','Frazan',33647600000000),(675,'Meia','Matheus Lira',7369230000000),(676,'Zagueiro','Douglas Grolli',7525950000000),(677,'Zagueiro','Hiago',83018800000000),(678,'Goleiro','Fernando',17218000000000),(679,'Atacante','Fred',17241900000000),(680,'Lateral','Gilberto ',33647600000000),(681,'Goleiro','Jori',33014600000000),(682,'Zagueiro','Lucas Halter',76710600000000),(683,'Atacante','Marco Túlio',17218000000000),(684,'Lateral','Ezequiel ',17241900000000),(685,'Goleiro','Gabriel',76710600000000),(686,'Lateral','Renê',33649600000000),(687,'Zagueiro','Luis Henrique',33014600000000),(688,'Goleiro','Ivan',83018800000000),(689,'Meia','Tomás Andrade',17218000000000),(690,'Meia','Shaylon',60518000000000),(691,'Meia','Lepu',7525950000000),(692,'Meia','Richardson',7369230000000),(693,'Atacante','Arthur ',83018800000000),(694,'Meia','Luan',15217000000000),(695,'Meia','Warley',81907400000000),(696,'Meia','Nonoca',58986100000000),(697,'Atacante','Mikael',58986100000000),(698,'Zagueiro','Léo',17241900000000),(699,'Lateral','Eduardo',83018800000000),(700,'Zagueiro','Ibañez',33647600000000),(701,'Zagueiro','Vilson',61902700000000),(702,'Zagueiro','Murilo',17241900000000),(703,'Lateral','Ruan',105027000000),(704,'Meia','Bruno Leite',76710600000000),(705,'Meia','Ariel Cabral',17241900000000),(706,'Lateral','Norberto ',33014600000000),(707,'Meia','Jhemerson',15217000000000),(708,'Meia','Nilton',7525950000000),(709,'Atacante','Papagaio',61750300000000),(710,'Meia','Edson',7525950000000),(711,'Lateral','Ronaldo',33014600000000),(712,'Meia','Lucas Lima',61750300000000),(713,'Zagueiro','Luiz Gustavo',33617500000000),(714,'Meia','Renatinho',34029600000000),(715,'Atacante','Macula',33647600000000),(716,'Meia','Fabinho',7369230000000),(717,'Atacante','Marcelo',17241900000000),(718,'Zagueiro','Luan',61750300000000),(719,'Zagueiro','Pedro Geromel',92797900000000),(720,'Zagueiro','Léo Xavier',15217000000000),(721,'Lateral','Jonathan',34029600000000),(722,'Lateral','Romário ',7369230000000),(723,'Lateral','Mayke',61750300000000),(724,'Zagueiro','Max',58986100000000),(725,'Meia','Rodrigo Fernandes',33617500000000),(726,'Goleiro','Yago Darub',33649600000000),(727,'Zagueiro','Josué',15217000000000),(728,'Meia','Moresche',33617500000000),(729,'Lateral','Vinícius Freitas',83018800000000),(730,'Zagueiro','Oswaldo Henríquez',58986100000000),(731,'Zagueiro','Erazo',33617500000000),(732,'Goleiro','Fernando Castro',7525950000000),(733,'Goleiro','Diego',15217000000000),(734,'Atacante','Erik',17218000000000),(735,'Zagueiro','Paulo Miranda',92797900000000),(736,'Lateral','Rafael Galhardo',33617500000000),(737,'Zagueiro','Digão',17241900000000),(738,'Técnico','Alberto Valentim',34029600000000),(739,'Meia','Camacho',76710600000000),(740,'Lateral','Nino Paraíba',7525950000000),(741,'Zagueiro','Renato Chaves',33647600000000),(742,'Zagueiro','Gum',33647600000000),(743,'Lateral','Raul Prata',58986100000000),(744,'Lateral','Ramon',33617500000000),(745,'Atacante','André Lima',15217000000000),(746,'Meia','Arouca',17218000000000),(747,'Atacante','Jael',92797900000000),(748,'Atacante','Wellington Silva',105027000000),(749,'Goleiro','Marcelo Lomba',105027000000),(750,'Atacante','Rodrigo Pimpão',34029600000000),(751,'Goleiro','Paulo Victor',92797900000000),(752,'Atacante','Júnior Dutra',61902700000000),(753,'Meia','Diego Souza',60518000000000),(754,'Atacante','Dudu',61750300000000),(755,'Atacante','Kieza',34029600000000),(756,'Goleiro','Rafael',17241900000000),(757,'Lateral','Uendel',105027000000),(758,'Atacante','Vinicius',83018800000000),(759,'Zagueiro','Ronaldo Alves',58986100000000),(760,'Atacante','Leandro Damião',105027000000),(761,'Zagueiro','Leonardo Silva',17218000000000),(762,'Meia','Fellipe Bastos',58986100000000),(763,'Goleiro','Anderson',7525950000000),(764,'Meia','Giovanni Augusto',33617500000000),(765,'Lateral','João Lucas',7369230000000),(766,'Lateral','Jean',58986100000000),(767,'Atacante','Chará',17218000000000),(768,'Meia','Martín Sarrafiore',105027000000),(769,'Lateral','Carlos Gabriel',17218000000000),(770,'Meia','David Terans',17218000000000),(771,'Meia','Doffo',83018800000000),(772,'Zagueiro','Nicolás Freire',61750300000000),(773,'Meia','Cardona',7369230000000),(774,'Meia','Yann Rolim',83018800000000),(775,'Meia','Dudu',33617500000000),(776,'Técnico','Marcos Paquetá',34029600000000),(777,'Atacante','Gabriel Barbosa',61750300000000),(778,'Atacante','Jonathas',61902700000000),(779,'Atacante','Gilberto',7525950000000),(780,'Técnico','Marcelo Oliveira',33647600000000),(781,'Técnico','Ricardo Drubscky',33014600000000),(782,'Lateral','Lenon',33617500000000),(783,'Atacante','Marinho',92797900000000),(784,'Atacante','Marcelo Cirino',76710600000000),(785,'Atacante','Joao Rojas',60518000000000),(786,'Meia','Bryan Ruíz',58196700000000),(787,'Lateral','Danilo Avelar',61902700000000),(788,'Lateral','Bruno Peres',60518000000000),(789,'Atacante','Barcos',17241900000000),(790,'Atacante','Fernando Uribe',33649600000000),(791,'Zagueiro','Eduardo Brock',7369230000000),(792,'Atacante','Edinho',17218000000000),(793,'Atacante','Luciano',33647600000000),(794,'Meia','Bruno Nazário',76710600000000),(795,'Meia','Calyson',7369230000000),(796,'Meia','Jean Roberto',83018800000000),(797,'Meia','Gustavo Scarpa',61750300000000),(798,'Meia','Marcelo Meli',15217000000000),(799,'Atacante','Rodolfo ',81907400000000),(800,'Meia','Lincoln',92797900000000),(801,'Atacante','Crysan',76710600000000),(802,'Meia','Matheus Savio',33649600000000),(803,'Atacante','Leandrinho',17218000000000),(804,'Atacante','Jonatan Álvez',105027000000),(805,'Meia','Vitinho',61750300000000),(806,'Atacante','Walter Bou',15217000000000),(807,'Zagueiro','Ruan Renato',15217000000000),(808,'Meia','Rodrigo Figueiredo',61902700000000),(809,'Atacante','Erick',15217000000000),(810,'Técnico','Tiago Nunes',76710600000000),(811,'Lateral','Marcelo Benítez',15217000000000),(812,'Meia','Luan',60518000000000),(813,'Meia','Edinho',7369230000000),(814,'Atacante','Maxi López',33617500000000),(815,'Lateral','Reginaldo ',76710600000000),(816,'Atacante','Pilar',33014600000000),(817,'Atacante','Everaldo ',33647600000000),(818,'Atacante','Álvaro',105027000000),(819,'Goleiro','João Gabriel',15217000000000),(820,'Atacante','Juninho Quixadá',7369230000000),(821,'Meia','Nonato',105027000000),(822,'Meia','Carlos Sánchez',58196700000000),(823,'Meia','Nathan',17218000000000),(824,'Meia','Zé Ricardo',33647600000000),(825,'Goleiro','Diego',34029600000000),(826,'Técnico','Adilson Batista',33014600000000),(827,'Lateral','Márcio Azevedo',76710600000000),(828,'Lateral','Mateus',15217000000000),(829,'Zagueiro','Ruan Marvyn',17218000000000),(830,'Técnico','Wesley Carvalho',61750300000000),(831,'Atacante','Cabezas',33647600000000),(832,'Técnico','Cuca',58196700000000),(833,'Técnico','Luiz Felipe Scolari',61750300000000),(834,'Atacante','Derlis González',58196700000000),(835,'Técnico','João Burse',15217000000000),(836,'Meia','Araos',61902700000000),(837,'Técnico','Bruno Lazaroni',34029600000000),(838,'Atacante','Sergio Díaz',61902700000000),(839,'Goleiro','Luan Polli ',58986100000000),(840,'Zagueiro','Lucas Kal',60518000000000),(841,'Zagueiro','Derlan',92797900000000),(842,'Atacante','Rafael Grampola',81907400000000),(843,'Meia','Piris',33649600000000),(844,'Atacante','Vitinho',33649600000000),(845,'Zagueiro','Leandro Castan',33617500000000),(846,'Técnico','Guto Ferreira',83018800000000),(847,'Atacante','Wesley Pacheco',33014600000000),(848,'Zagueiro','Gustavo Gómez',61750300000000),(849,'Atacante','Vinícius Araújo',33617500000000),(850,'Meia','Igor Amaral',33014600000000),(851,'Zagueiro','Paulo Ricardo',33647600000000),(852,'Zagueiro','Tonhão',92797900000000),(853,'Lateral','Paulinho',7525950000000),(854,'Meia','Sananduva',76710600000000),(855,'Meia','Diego Torres',83018800000000),(856,'Meia','Orzusa',83018800000000),(857,'Técnico','Zé Ricardo',34029600000000),(858,'Lateral','Matheus Rocha',61750300000000),(859,'Lateral','Mayk',7525950000000),(860,'Atacante','Rodrigo Alves',7525950000000),(861,'Atacante','Goldeson',33014600000000),(862,'Zagueiro','Matias Antonini',92797900000000),(863,'Atacante','Mateus Gonçalves',58986100000000),(864,'Goleiro','Gabriel Brazão',17241900000000),(865,'Técnico','Carpegiani',15217000000000),(866,'Técnico','Eduardo Baptista',58986100000000),(867,'Zagueiro','Denilson',92797900000000),(868,'Técnico','Valdir',33617500000000),(869,'Zagueiro','Martín Rea',17218000000000),(870,'Atacante','Plata',76710600000000),(871,'Meia','Éderson',17241900000000),(872,'Meia','Matheus Sales',33014600000000),(873,'Meia','Roger Bernardo',17218000000000),(874,'Zagueiro','Felipe Santana',17218000000000),(875,'Goleiro','Leo',76710600000000),(876,'Meia','Felipe Gedoz ',76710600000000),(877,'Lateral','João Pedro ',7525950000000),(878,'Técnico','Nelsinho Baptista',58986100000000),(879,'Meia','Anselmo',58986100000000),(880,'Meia','Thomás',58986100000000),(881,'Atacante','Bruno Paulo',61902700000000),(882,'Técnico','Fábio Carille',61902700000000),(883,'Atacante','Riascos',33617500000000),(884,'Meia','Cleiton Xavier',15217000000000),(885,'Goleiro','Julio Cesar',33649600000000),(886,'Zagueiro','Alan',7369230000000),(887,'Meia','Jajá',33649600000000),(888,'Atacante','Dionathã',92797900000000),(889,'Zagueiro','Reginaldo',33647600000000),(890,'Meia','Marlon Freitas',33647600000000),(891,'Atacante','Marcinho',105027000000),(892,'Atacante','Fernandinho',105027000000),(893,'Zagueiro','Rafael',81907400000000),(894,'Atacante','Felipe Augusto',81907400000000),(895,'Atacante','Vitor Feijão',81907400000000),(896,'Atacante','Minho',81907400000000),(897,'Lateral','Ernandes',7369230000000),(898,'Meia','Tchê Tchê',61750300000000),(899,'Técnico','Marcelo Chamusca',7369230000000),(900,'Atacante','Roberto',7369230000000),(901,'Lateral','Leandro Silva',7369230000000),(902,'Meia','Rafael Longuine',58196700000000),(903,'Lateral','Rafael Carioca',7369230000000),(904,'Meia','Leandro Canhoto',7369230000000),(905,'Lateral','Diego Tavares',81907400000000),(906,'Atacante','Léo Ceará',15217000000000),(907,'Zagueiro','Lucas Ribeiro',15217000000000),(908,'Lateral','Elias',58986100000000),(909,'Lateral','Roberto',83018800000000),(910,'Goleiro','Diogo Silva',7369230000000),(911,'Atacante','Maurício Cordeiro',15217000000000),(912,'Meia','Marcão Silva',58986100000000),(913,'Meia','Jair',58986100000000),(914,'Goleiro','Jordi',33617500000000),(915,'Atacante','Robinho',7369230000000),(916,'Meia','Marquinho',76710600000000),(917,'Atacante','Rony',76710600000000),(918,'Atacante','Luan Ferreira',15217000000000);
/*!40000 ALTER TABLE `jogador` ENABLE KEYS */;
UNLOCK TABLES;

--
-- Table structure for table `partida`
--

DROP TABLE IF EXISTS `partida`;
/*!40101 SET @saved_cs_client     = @@character_set_client */;
 SET character_set_client = utf8mb4 ;
CREATE TABLE `partida` (
  `codPartida` int(11) NOT NULL AUTO_INCREMENT,
  `dataDaPartida` date DEFAULT NULL,
  `estadio_codEstadio` int(11) NOT NULL,
  `clube_visitante_clube_CNPJ` float NOT NULL,
  `clube_casa_clube_CNPJ` float NOT NULL,
  `campeonato` int(11) NOT NULL,
  PRIMARY KEY (`codPartida`),
  KEY `fk_partida_1` (`campeonato`),
  KEY `fk_partida_clube_casa1` (`clube_casa_clube_CNPJ`),
  KEY `fk_partida_clube_visitante1` (`clube_visitante_clube_CNPJ`),
  CONSTRAINT `fk_partida_1` FOREIGN KEY (`campeonato`) REFERENCES `campeonato` (`codCampeonato`) ON DELETE NO ACTION ON UPDATE NO ACTION,
  CONSTRAINT `fk_partida_clube_casa1` FOREIGN KEY (`clube_casa_clube_CNPJ`) REFERENCES `clube` (`CNPJ`) ON DELETE NO ACTION ON UPDATE NO ACTION,
  CONSTRAINT `fk_partida_clube_visitante1` FOREIGN KEY (`clube_visitante_clube_CNPJ`) REFERENCES `clube` (`CNPJ`) ON DELETE NO ACTION ON UPDATE NO ACTION
) ENGINE=InnoDB AUTO_INCREMENT=659 DEFAULT CHARSET=latin1;
/*!40101 SET character_set_client = @saved_cs_client */;

--
-- Dumping data for table `partida`
--

LOCK TABLES `partida` WRITE;
/*!40000 ALTER TABLE `partida` DISABLE KEYS */;
INSERT INTO `partida` VALUES (1,'2018-04-15',2,83018800000000,76710600000000,1),(2,'2018-04-15',1,58986100000000,33014600000000,1),(3,'2018-04-14',18,33649600000000,15217000000000,1),(4,'2018-04-15',17,17218000000000,33617500000000,1),(5,'2018-04-16',4,61750300000000,34029600000000,1),(6,'2018-04-16',15,81907400000000,60518000000000,1),(7,'2018-04-14',14,7369230000000,58196700000000,1),(8,'2018-04-15',7,33647600000000,61902700000000,1),(9,'2018-04-15',11,7525950000000,105027000000,1),(10,'2018-04-22',1,15217000000000,17218000000000,1),(11,'2018-04-22',13,61902700000000,81907400000000,1),(12,'2018-04-22',6,33617500000000,83018800000000,1),(13,'2018-04-21',3,58196700000000,7525950000000,1),(14,'2018-04-22',19,17241900000000,33647600000000,1),(15,'2018-04-21',9,33014600000000,33649600000000,1),(16,'2018-04-22',5,60518000000000,7369230000000,1),(17,'2018-04-23',16,34029600000000,58986100000000,1),(18,'2018-04-22',12,105027000000,61750300000000,1),(19,'2018-04-22',10,76710600000000,92797900000000,1),(20,'2018-04-29',1,61902700000000,17218000000000,1),(21,'2018-04-29',13,58986100000000,81907400000000,1),(22,'2018-04-30',1,15217000000000,33014600000000,1),(23,'2018-04-29',3,76710600000000,7525950000000,1),(24,'2018-04-29',19,60518000000000,33647600000000,1),(25,'2018-04-28',4,92797900000000,34029600000000,1),(26,'2018-04-29',5,33649600000000,7369230000000,1),(27,'2018-09-27',14,33617500000000,58196700000000,1),(28,'2018-04-29',12,83018800000000,61750300000000,1),(29,'2018-04-29',11,17241900000000,105027000000,1),(30,'2018-05-06',8,34029600000000,17241900000000,1),(31,'2018-05-06',2,61750300000000,76710600000000,1),(32,'2018-05-07',6,81907400000000,83018800000000,1),(33,'2018-05-06',18,33647600000000,15217000000000,1),(34,'2018-05-05',17,33014600000000,33617500000000,1),(35,'2018-05-06',9,105027000000,33649600000000,1),(36,'2018-05-05',15,17218000000000,60518000000000,1),(37,'2018-05-06',16,7525950000000,58986100000000,1),(38,'2018-05-06',7,7369230000000,61902700000000,1),(39,'2018-05-06',10,58196700000000,92797900000000,1),(40,'2018-05-13',8,58986100000000,17241900000000,1),(41,'2018-05-13',2,17218000000000,76710600000000,1),(42,'2018-05-13',6,33649600000000,83018800000000,1),(43,'2018-05-13',3,60518000000000,7525950000000,1),(44,'2018-05-13',17,15217000000000,33617500000000,1),(45,'2018-05-14',4,33647600000000,34029600000000,1),(46,'2018-05-14',5,33014600000000,7369230000000,1),(47,'2018-05-13',14,81907400000000,58196700000000,1),(48,'2018-05-13',7,61750300000000,61902700000000,1),(49,'2018-05-12',10,105027000000,92797900000000,1),(50,'2018-05-19',1,17241900000000,17218000000000,1),(51,'2018-05-20',13,92797900000000,81907400000000,1),(52,'2018-05-20',1,34029600000000,33014600000000,1),(53,'2018-05-20',18,7369230000000,15217000000000,1),(54,'2018-05-20',19,76710600000000,33647600000000,1),(55,'2018-05-19',9,33617500000000,33649600000000,1),(56,'2018-05-20',15,58196700000000,60518000000000,1),(57,'2018-05-20',16,61902700000000,58986100000000,1),(58,'2018-05-19',12,7525950000000,61750300000000,1),(59,'2018-05-21',11,83018800000000,105027000000,1),(60,'2018-05-26',1,33649600000000,17218000000000,1),(61,'2018-05-27',13,76710600000000,81907400000000,1),(62,'2018-05-27',1,60518000000000,33014600000000,1),(63,'2018-05-27',3,33617500000000,7525950000000,1),(64,'2018-05-26',19,83018800000000,33647600000000,1),(65,'2018-05-27',4,15217000000000,34029600000000,1),(66,'2018-05-27',5,92797900000000,7369230000000,1),(67,'2018-05-27',14,17241900000000,58196700000000,1),(68,'2018-05-26',12,58986100000000,61750300000000,1),(69,'2018-05-27',11,61902700000000,105027000000,1),(70,'2018-05-30',8,61750300000000,17241900000000,1),(71,'2018-05-31',2,58196700000000,76710600000000,1),(72,'2018-05-30',6,7369230000000,83018800000000,1),(73,'2018-05-30',18,105027000000,15217000000000,1),(74,'2018-05-30',17,81907400000000,33617500000000,1),(75,'2018-05-31',9,7525950000000,33649600000000,1),(76,'2018-05-30',15,34029600000000,60518000000000,1),(77,'2018-05-30',16,17218000000000,58986100000000,1),(78,'2018-05-31',7,33014600000000,61902700000000,1),(79,'2018-05-30',10,33647600000000,92797900000000,1),(80,'2018-06-02',1,83018800000000,17218000000000,1),(81,'2018-06-04',13,33647600000000,81907400000000,1),(82,'2018-06-03',1,76710600000000,33014600000000,1),(83,'2018-06-03',3,92797900000000,7525950000000,1),(84,'2018-06-02',17,34029600000000,33617500000000,1),(85,'2018-06-03',9,61902700000000,33649600000000,1),(86,'2018-06-03',5,17241900000000,7369230000000,1),(87,'2018-06-03',14,15217000000000,58196700000000,1),(88,'2018-06-02',12,60518000000000,61750300000000,1),(89,'2018-06-02',11,58986100000000,105027000000,1),(90,'2018-06-06',8,33617500000000,17241900000000,1),(91,'2018-06-07',13,7525950000000,81907400000000,1),(92,'2018-06-07',1,17218000000000,33014600000000,1),(93,'2018-06-06',18,83018800000000,15217000000000,1),(94,'2018-06-07',19,33649600000000,33647600000000,1),(95,'2018-06-06',4,7369230000000,34029600000000,1),(96,'2018-06-05',15,105027000000,60518000000000,1),(97,'2018-06-06',16,76710600000000,58986100000000,1),(98,'2018-06-06',7,58196700000000,61902700000000,1),(99,'2018-06-06',10,61750300000000,92797900000000,1),(100,'2018-08-25',14,7525950000000,58196700000000,1),(101,'2018-08-25',2,92797900000000,76710600000000,1),(102,'2018-08-25',7,81907400000000,61902700000000,1),(103,'2018-08-25',8,33647600000000,17241900000000,1),(104,'2018-08-25',4,58986100000000,34029600000000,1),(105,'2018-08-26',15,7369230000000,60518000000000,1),(106,'2018-08-27',1,33649600000000,33014600000000,1),(107,'2018-08-27',18,17218000000000,15217000000000,1),(108,'2018-08-27',11,61750300000000,105027000000,1),(109,'2018-08-27',17,83018800000000,33617500000000,1),(110,'2018-09-01',18,33014600000000,15217000000000,1),(111,'2018-09-01',10,34029600000000,92797900000000,1),(112,'2018-09-01',17,58196700000000,33617500000000,1),(113,'2018-09-01',7,17218000000000,61902700000000,1),(114,'2018-09-02',9,7369230000000,33649600000000,1),(115,'2018-09-02',2,7525950000000,76710600000000,1),(116,'2018-09-02',15,33647600000000,60518000000000,1),(117,'2018-09-02',16,81907400000000,58986100000000,1),(118,'2018-09-02',8,105027000000,17241900000000,1),(119,'2018-09-02',6,61750300000000,83018800000000,1),(120,'2018-09-05',3,58986100000000,7525950000000,1),(121,'2018-09-05',4,17241900000000,34029600000000,1),(122,'2018-09-05',5,61902700000000,7369230000000,1),(123,'2018-09-05',13,83018800000000,81907400000000,1),(124,'2018-09-05',12,76710600000000,61750300000000,1),(125,'2018-09-05',1,60518000000000,17218000000000,1),(126,'2018-09-05',11,33649600000000,105027000000,1),(127,'2018-09-06',19,15217000000000,33647600000000,1),(128,'2018-09-06',14,92797900000000,58196700000000,1),(129,'2018-09-06',1,33617500000000,33014600000000,1),(130,'2018-09-08',16,17241900000000,58986100000000,1),(131,'2018-09-08',15,7525950000000,60518000000000,1),(132,'2018-09-08',9,83018800000000,33649600000000,1),(133,'2018-09-09',1,7369230000000,33014600000000,1),(134,'2018-09-09',19,34029600000000,33647600000000,1),(135,'2018-09-09',12,61902700000000,61750300000000,1),(136,'2018-09-09',11,92797900000000,105027000000,1),(137,'2018-09-09',13,58196700000000,81907400000000,1),(138,'2018-09-09',18,33617500000000,15217000000000,1),(139,'2018-09-10',1,76710600000000,17218000000000,1),(140,'2018-09-15',5,15217000000000,7369230000000,1),(141,'2018-09-15',10,81907400000000,92797900000000,1),(142,'2018-09-15',17,33649600000000,33617500000000,1),(143,'2018-09-16',4,33014600000000,34029600000000,1),(144,'2018-09-16',8,17218000000000,17241900000000,1),(145,'2018-09-16',2,33647600000000,76710600000000,1),(146,'2018-09-16',3,61750300000000,7525950000000,1),(147,'2018-09-16',14,60518000000000,58196700000000,1),(148,'2018-09-16',7,58986100000000,61902700000000,1),(149,'2018-09-17',6,105027000000,83018800000000,1),(150,'2018-09-22',15,33014600000000,60518000000000,1),(151,'2018-09-23',10,7369230000000,92797900000000,1),(152,'2018-09-23',2,81907400000000,76710600000000,1),(153,'2018-09-23',9,17218000000000,33649600000000,1),(154,'2018-09-23',7,105027000000,61902700000000,1),(155,'2018-09-23',18,34029600000000,15217000000000,1),(156,'2018-09-23',16,61750300000000,58986100000000,1),(157,'2018-09-23',8,58196700000000,17241900000000,1),(158,'2018-09-24',6,33647600000000,83018800000000,1),(159,'2018-09-24',17,7525950000000,33617500000000,1),(160,'2018-09-29',19,92797900000000,33647600000000,1),(161,'2018-09-29',1,61902700000000,33014600000000,1),(162,'2018-09-29',3,33649600000000,7525950000000,1),(163,'2018-09-30',12,17241900000000,61750300000000,1),(164,'2018-09-30',1,58986100000000,17218000000000,1),(165,'2018-09-30',4,60518000000000,34029600000000,1),(166,'2018-09-30',14,76710600000000,58196700000000,1),(167,'2018-09-30',11,15217000000000,105027000000,1),(168,'2018-09-30',5,83018800000000,7369230000000,1),(169,'2018-10-01',13,33617500000000,81907400000000,1),(170,'2018-10-24',8,7369230000000,17241900000000,1),(171,'2018-10-05',16,105027000000,58986100000000,1),(172,'2018-10-05',7,33649600000000,61902700000000,1),(173,'2018-10-05',18,58196700000000,15217000000000,1),(174,'2018-10-06',2,33014600000000,76710600000000,1),(175,'2018-10-06',6,17218000000000,83018800000000,1),(176,'2018-10-06',15,61750300000000,60518000000000,1),(177,'2018-10-06',10,7525950000000,92797900000000,1),(178,'2018-10-08',19,81907400000000,33647600000000,1),(179,'2018-10-08',4,33617500000000,34029600000000,1),(180,'2018-10-13',9,33647600000000,33649600000000,1),(181,'2018-10-13',14,61902700000000,58196700000000,1),(182,'2018-10-13',3,81907400000000,7525950000000,1),(183,'2018-10-14',6,15217000000000,83018800000000,1),(184,'2018-10-14',17,17241900000000,33617500000000,1),(185,'2018-10-14',12,92797900000000,61750300000000,1),(186,'2018-10-14',11,60518000000000,105027000000,1),(187,'2018-10-14',1,33014600000000,17218000000000,1),(188,'2018-10-14',2,58986100000000,76710600000000,1),(189,'2018-10-15',5,34029600000000,7369230000000,1),(190,'2018-10-20',1,92797900000000,33014600000000,1),(191,'2018-10-20',4,7525950000000,34029600000000,1),(192,'2018-10-20',15,76710600000000,60518000000000,1),(193,'2018-10-20',16,33617500000000,58986100000000,1),(194,'2018-10-21',18,61902700000000,15217000000000,1),(195,'2018-10-21',19,17218000000000,33647600000000,1),(196,'2018-10-21',12,7369230000000,61750300000000,1),(197,'2018-10-21',8,83018800000000,17241900000000,1),(198,'2018-10-21',13,33649600000000,81907400000000,1),(199,'2018-10-22',11,58196700000000,105027000000,1),(200,'2018-10-26',18,60518000000000,15217000000000,1),(201,'2018-10-26',17,105027000000,33617500000000,1),(202,'2018-10-27',14,33647600000000,58196700000000,1),(203,'2018-10-27',10,58986100000000,92797900000000,1),(204,'2018-10-27',7,7525950000000,61902700000000,1),(205,'2018-10-27',9,61750300000000,33649600000000,1),(206,'2018-10-27',6,33014600000000,83018800000000,1),(207,'2018-10-27',8,81907400000000,17241900000000,1),(208,'2018-10-27',2,34029600000000,76710600000000,1),(209,'2018-10-28',5,17218000000000,7369230000000,1),(210,'2018-11-03',1,92797900000000,17218000000000,1),(211,'2018-11-03',19,33617500000000,33647600000000,1),(212,'2018-11-03',12,58196700000000,61750300000000,1),(213,'2018-11-04',13,15217000000000,81907400000000,1),(214,'2018-11-04',1,17241900000000,33014600000000,1),(215,'2018-11-04',4,61902700000000,34029600000000,1),(216,'2018-11-04',15,33649600000000,60518000000000,1),(217,'2018-11-04',3,83018800000000,7525950000000,1),(218,'2018-11-04',11,76710600000000,105027000000,1),(219,'2018-11-05',16,7369230000000,58986100000000,1),(220,'2018-11-10',7,60518000000000,61902700000000,1),(221,'2018-11-10',2,17241900000000,76710600000000,1),(222,'2018-11-10',4,33649600000000,34029600000000,1),(223,'2018-11-10',1,81907400000000,33014600000000,1),(224,'2018-11-11',1,61750300000000,17218000000000,1),(225,'2018-11-11',18,7525950000000,15217000000000,1),(226,'2018-11-11',5,105027000000,7369230000000,1),(227,'2018-11-11',10,33617500000000,92797900000000,1),(228,'2018-11-11',19,58986100000000,33647600000000,1),(229,'2018-11-12',14,83018800000000,58196700000000,1),(230,'2018-11-14',17,76710600000000,33617500000000,1),(231,'2018-11-14',13,17218000000000,81907400000000,1),(232,'2018-11-14',3,7369230000000,7525950000000,1),(233,'2018-11-14',8,61902700000000,17241900000000,1),(234,'2018-11-14',16,15217000000000,58986100000000,1),(235,'2018-11-14',12,33647600000000,61750300000000,1),(236,'2018-11-15',6,34029600000000,83018800000000,1),(237,'2018-11-15',9,58196700000000,33649600000000,1),(238,'2018-11-15',15,92797900000000,60518000000000,1),(239,'2018-11-15',11,33014600000000,105027000000,1),(240,'2018-11-17',18,76710600000000,15217000000000,1),(241,'2018-11-17',7,33617500000000,61902700000000,1),(242,'2018-11-17',1,7525950000000,17218000000000,1),(243,'2018-11-18',13,61750300000000,81907400000000,1),(244,'2018-11-18',1,58196700000000,33014600000000,1),(245,'2018-11-18',4,105027000000,34029600000000,1),(246,'2018-11-18',16,33649600000000,58986100000000,1),(247,'2018-11-18',15,17241900000000,60518000000000,1),(248,'2018-11-18',10,83018800000000,92797900000000,1),(249,'2018-11-19',19,7369230000000,33647600000000,1),(250,'2018-11-21',11,17218000000000,105027000000,1),(251,'2018-11-21',14,34029600000000,58196700000000,1),(252,'2018-11-21',8,15217000000000,17241900000000,1),(253,'2018-11-21',2,61902700000000,76710600000000,1),(254,'2018-11-21',9,92797900000000,33649600000000,1),(255,'2018-11-21',12,33014600000000,61750300000000,1),(256,'2018-11-22',17,60518000000000,33617500000000,1),(257,'2018-11-22',6,58986100000000,83018800000000,1),(258,'2018-11-22',3,33647600000000,7525950000000,1),(259,'2018-11-22',5,81907400000000,7369230000000,1),(260,'2018-11-24',14,17218000000000,58196700000000,1),(261,'2018-11-25',8,33649600000000,17241900000000,1),(262,'2018-11-25',2,7369230000000,76710600000000,1),(263,'2018-11-25',18,92797900000000,15217000000000,1),(264,'2018-11-25',17,61750300000000,33617500000000,1),(265,'2018-11-25',1,7525950000000,33014600000000,1),(266,'2018-11-25',7,83018800000000,61902700000000,1),(267,'2018-11-25',11,33647600000000,105027000000,1),(268,'2018-11-26',4,81907400000000,34029600000000,1),(269,'2018-11-26',15,58986100000000,60518000000000,1),(270,'2018-12-01',1,34029600000000,17218000000000,1),(271,'2018-12-01',9,76710600000000,33649600000000,1),(272,'2018-12-02',13,105027000000,81907400000000,1),(273,'2018-12-02',6,60518000000000,83018800000000,1),(274,'2018-12-02',3,17241900000000,7525950000000,1),(275,'2018-12-02',19,33014600000000,33647600000000,1),(276,'2018-12-02',5,33617500000000,7369230000000,1),(277,'2018-12-02',16,58196700000000,58986100000000,1),(278,'2018-12-02',12,15217000000000,61750300000000,1),(279,'2018-12-02',10,61902700000000,92797900000000,1),(280,'2018-10-08',4,33617500000000,34029600000000,1),(281,'2018-10-13',9,33647600000000,33649600000000,1),(282,'2018-10-13',14,61902700000000,58196700000000,1),(283,'2018-10-13',3,81907400000000,7525950000000,1),(284,'2018-10-14',6,15217000000000,83018800000000,1),(285,'2018-10-14',17,17241900000000,33617500000000,1),(286,'2018-10-14',12,92797900000000,61750300000000,1),(287,'2018-10-14',11,60518000000000,105027000000,1),(288,'2018-10-14',1,33014600000000,17218000000000,1),(289,'2018-10-14',2,58986100000000,76710600000000,1),(290,'2018-10-15',5,34029600000000,7369230000000,1),(291,'2018-10-20',1,92797900000000,33014600000000,1),(292,'2018-10-20',4,7525950000000,34029600000000,1),(293,'2018-10-20',15,76710600000000,60518000000000,1),(294,'2018-10-20',16,33617500000000,58986100000000,1),(295,'2018-10-21',18,61902700000000,15217000000000,1),(296,'2018-10-21',19,17218000000000,33647600000000,1),(297,'2018-10-21',12,7369230000000,61750300000000,1),(298,'2018-10-21',8,83018800000000,17241900000000,1),(299,'2018-10-21',13,33649600000000,81907400000000,1),(300,'2018-10-22',11,58196700000000,105027000000,1),(301,'2018-10-26',18,60518000000000,15217000000000,1),(302,'2018-10-26',17,105027000000,33617500000000,1),(303,'2018-10-27',14,33647600000000,58196700000000,1),(304,'2018-10-27',10,58986100000000,92797900000000,1),(305,'2018-10-27',7,7525950000000,61902700000000,1),(306,'2018-10-27',9,61750300000000,33649600000000,1),(307,'2018-10-27',6,33014600000000,83018800000000,1),(308,'2018-10-27',8,81907400000000,17241900000000,1),(309,'2018-10-27',2,34029600000000,76710600000000,1),(310,'2018-10-28',5,17218000000000,7369230000000,1),(311,'2018-11-03',1,92797900000000,17218000000000,1),(312,'2018-11-03',19,33617500000000,33647600000000,1),(313,'2018-11-03',12,58196700000000,61750300000000,1),(314,'2018-11-04',13,15217000000000,81907400000000,1),(315,'2018-11-04',1,17241900000000,33014600000000,1),(316,'2018-11-04',4,61902700000000,34029600000000,1),(317,'2018-11-04',15,33649600000000,60518000000000,1),(318,'2018-11-04',3,83018800000000,7525950000000,1),(319,'2018-11-04',11,76710600000000,105027000000,1),(320,'2018-11-05',16,7369230000000,58986100000000,1),(321,'2018-11-10',7,60518000000000,61902700000000,1),(322,'2018-11-10',2,17241900000000,76710600000000,1),(323,'2018-11-10',4,33649600000000,34029600000000,1),(324,'2018-11-10',1,81907400000000,33014600000000,1),(325,'2018-11-11',1,61750300000000,17218000000000,1),(326,'2018-11-11',18,7525950000000,15217000000000,1),(327,'2018-11-11',5,105027000000,7369230000000,1),(328,'2018-11-11',10,33617500000000,92797900000000,1),(329,'2018-11-11',19,58986100000000,33647600000000,1),(330,'2018-11-12',14,83018800000000,58196700000000,1),(331,'2018-11-14',17,76710600000000,33617500000000,1),(332,'2018-11-14',13,17218000000000,81907400000000,1),(333,'2018-11-14',3,7369230000000,7525950000000,1),(334,'2018-11-14',8,61902700000000,17241900000000,1),(335,'2018-11-14',16,15217000000000,58986100000000,1),(336,'2018-11-14',12,33647600000000,61750300000000,1),(337,'2018-11-15',6,34029600000000,83018800000000,1),(338,'2018-11-15',9,58196700000000,33649600000000,1),(339,'2018-11-15',15,92797900000000,60518000000000,1),(340,'2018-11-15',11,33014600000000,105027000000,1),(341,'2018-11-17',18,76710600000000,15217000000000,1),(342,'2018-11-17',7,33617500000000,61902700000000,1),(343,'2018-11-17',1,7525950000000,17218000000000,1),(344,'2018-11-18',13,61750300000000,81907400000000,1),(345,'2018-11-18',1,58196700000000,33014600000000,1),(346,'2018-11-18',4,105027000000,34029600000000,1),(347,'2018-11-18',16,33649600000000,58986100000000,1),(348,'2018-11-18',15,17241900000000,60518000000000,1),(349,'2018-11-18',10,83018800000000,92797900000000,1),(350,'2018-11-19',19,7369230000000,33647600000000,1),(351,'2018-11-21',11,17218000000000,105027000000,1),(352,'2018-11-21',14,34029600000000,58196700000000,1),(353,'2018-11-21',8,15217000000000,17241900000000,1),(354,'2018-11-21',2,61902700000000,76710600000000,1),(355,'2018-11-21',9,92797900000000,33649600000000,1),(356,'2018-11-21',12,33014600000000,61750300000000,1),(357,'2018-11-22',17,60518000000000,33617500000000,1),(358,'2018-11-22',6,58986100000000,83018800000000,1),(359,'2018-11-22',3,33647600000000,7525950000000,1),(360,'2018-11-22',5,81907400000000,7369230000000,1),(361,'2018-11-24',14,17218000000000,58196700000000,1),(362,'2018-11-25',8,33649600000000,17241900000000,1),(363,'2018-11-25',2,7369230000000,76710600000000,1),(364,'2018-11-25',18,92797900000000,15217000000000,1),(365,'2018-11-25',17,61750300000000,33617500000000,1),(366,'2018-11-25',1,7525950000000,33014600000000,1),(367,'2018-11-25',7,83018800000000,61902700000000,1),(368,'2018-11-25',11,33647600000000,105027000000,1),(369,'2018-11-26',4,81907400000000,34029600000000,1),(370,'2018-11-26',15,58986100000000,60518000000000,1),(371,'2018-12-01',1,34029600000000,17218000000000,1),(372,'2018-12-01',9,76710600000000,33649600000000,1),(373,'2018-12-02',13,105027000000,81907400000000,1),(374,'2018-12-02',6,60518000000000,83018800000000,1),(375,'2018-12-02',3,17241900000000,7525950000000,1),(376,'2018-12-02',19,33014600000000,33647600000000,1),(377,'2018-12-02',5,33617500000000,7369230000000,1),(378,'2018-12-02',16,58196700000000,58986100000000,1),(379,'2018-12-02',12,15217000000000,61750300000000,1),(380,'2018-12-02',10,61902700000000,92797900000000,1);
/*!40000 ALTER TABLE `partida` ENABLE KEYS */;
UNLOCK TABLES;

--
-- Table structure for table `registro_campeonato`
--

DROP TABLE IF EXISTS `registro_campeonato`;
/*!40101 SET @saved_cs_client     = @@character_set_client */;
 SET character_set_client = utf8mb4 ;
CREATE TABLE `registro_campeonato` (
  `clube_CNPJ` float NOT NULL,
  `campeonato_codCampeonato` int(11) NOT NULL,
  `anoCampeonato` date DEFAULT NULL,
  `num_registroCampeonato` int(11) NOT NULL,
  `registro_campeonatocol` varchar(45) DEFAULT NULL,
  PRIMARY KEY (`num_registroCampeonato`,`clube_CNPJ`,`campeonato_codCampeonato`),
  KEY `fk_clube_has_campeonato_campeonato1_idx` (`campeonato_codCampeonato`),
  KEY `fk_clube_has_campeonato_clube_idx` (`clube_CNPJ`),
  CONSTRAINT `fk_clube_has_campeonato_campeonato1` FOREIGN KEY (`campeonato_codCampeonato`) REFERENCES `campeonato` (`codCampeonato`) ON DELETE NO ACTION ON UPDATE NO ACTION,
  CONSTRAINT `fk_clube_has_campeonato_clube` FOREIGN KEY (`clube_CNPJ`) REFERENCES `clube` (`CNPJ`)
) ENGINE=InnoDB DEFAULT CHARSET=latin1;
/*!40101 SET character_set_client = @saved_cs_client */;

--
-- Dumping data for table `registro_campeonato`
--

LOCK TABLES `registro_campeonato` WRITE;
/*!40000 ALTER TABLE `registro_campeonato` DISABLE KEYS */;
/*!40000 ALTER TABLE `registro_campeonato` ENABLE KEYS */;
UNLOCK TABLES;

--
-- Dumping routines for database 'campeonadodefutebol'
--
/*!40103 SET TIME_ZONE=@OLD_TIME_ZONE */;

/*!40101 SET SQL_MODE=@OLD_SQL_MODE */;
/*!40014 SET FOREIGN_KEY_CHECKS=@OLD_FOREIGN_KEY_CHECKS */;
/*!40014 SET UNIQUE_CHECKS=@OLD_UNIQUE_CHECKS */;
/*!40101 SET CHARACTER_SET_CLIENT=@OLD_CHARACTER_SET_CLIENT */;
/*!40101 SET CHARACTER_SET_RESULTS=@OLD_CHARACTER_SET_RESULTS */;
/*!40101 SET COLLATION_CONNECTION=@OLD_COLLATION_CONNECTION */;
/*!40111 SET SQL_NOTES=@OLD_SQL_NOTES */;

-- Dump completed on 2019-12-02 22:18:22

